state_id,state_kind,state_label,device,asset_id,category,archive,resource_selector,near_live,far_live,total_live,lifetime,confidence
level-0,level,Level 0 - Dungeon / GUARD,pc,sword,permanent,PRINCE.DAT,table 700; image resources 701-734,144,2680,2824,startup anchor; slot 0 remains resident,exact
level-0,level,Level 0 - Dungeon / GUARD,pc,flame-sword-potion,permanent,PRINCE.DAT,table 150; image resources 151-173,192,4416,4608,startup anchor; slot 1 remains resident,exact
level-0,level,Level 0 - Dungeon / GUARD,pc,kid,character,KID.DAT,table 400; image resources 401-619,884,35600,36484,gameplay session; slot 2 remains through pre-level scenes and reunion,exact
level-0,level,Level 0 - Dungeon / GUARD,pc,dungeon,environment,CDUNGEON.DAT,table 200; image resources 201-351,1216,30668,31884,current level family; slot 6,exact
level-0,level,Level 0 - Dungeon / GUARD,pc,dungeon-wall,environment,CDUNGEON.DAT,table 360; image resources 361-364,40,4032,4072,current level family; slot 7,exact
level-0,level,Level 0 - Dungeon / GUARD,pc,guard,character,GUARD.DAT,GUARD.DAT resources 751-784; palette resource 750 is selected from GUARD1.DAT (palace) or GUARD2.DAT (dungeon),144,18504,18648,current level guard family; slot 5,exact
level-0,level,Level 0 - Dungeon / GUARD,pc,optional-dungeon-row-4,optional,CDUNGEON.DAT,slot-6 table 200 logical indices 86-91; populated from resources 1286-1291,0,7572,7572,selected at the level boundary; retained for that level,exact
level-0,level,Level 0 - Dungeon / GUARD,pc,optional-dungeon-row-5,optional,CDUNGEON.DAT,slot-6 table 200 logical indices 101-123; populated from resources 1301-1323,0,12296,12296,selected at the level boundary; retained for that level,exact
level-0,level,Level 0 - Dungeon / GUARD,pc,optional-dungeon-row-6,optional,CDUNGEON.DAT,slot-6 table 200 logical indices 127-143; populated from resources 1327-1343,0,8012,8012,selected at the level boundary; retained for that level,exact
level-0,level,Level 0 - Dungeon / GUARD,pc,surface-gameplay,surface,,runtime-created surface; not stored in a DAT,436,15362,15798,current gameplay or full-screen display state,exact
level-0,level,Level 0 - Dungeon / GUARD,pc,sound-pc,sound,IBM_SND1.DAT | IBM_SND2.DAT,IBM_SND1 resources 10000-10043; selected logical sounds 44-56 use IBM_SND2,0,3952,3952,"core sounds persist; title, ending, and event sounds follow state boundaries",exact resource-selected totals; see the Sound Blaster detection caveat
level-0,level,Level 0 - Dungeon / GUARD,sb,sword,permanent,PRINCE.DAT,table 700; image resources 701-734,144,2680,2824,startup anchor; slot 0 remains resident,exact
level-0,level,Level 0 - Dungeon / GUARD,sb,flame-sword-potion,permanent,PRINCE.DAT,table 150; image resources 151-173,192,4416,4608,startup anchor; slot 1 remains resident,exact
level-0,level,Level 0 - Dungeon / GUARD,sb,kid,character,KID.DAT,table 400; image resources 401-619,884,35600,36484,gameplay session; slot 2 remains through pre-level scenes and reunion,exact
level-0,level,Level 0 - Dungeon / GUARD,sb,dungeon,environment,CDUNGEON.DAT,table 200; image resources 201-351,1216,30668,31884,current level family; slot 6,exact
level-0,level,Level 0 - Dungeon / GUARD,sb,dungeon-wall,environment,CDUNGEON.DAT,table 360; image resources 361-364,40,4032,4072,current level family; slot 7,exact
level-0,level,Level 0 - Dungeon / GUARD,sb,guard,character,GUARD.DAT,GUARD.DAT resources 751-784; palette resource 750 is selected from GUARD1.DAT (palace) or GUARD2.DAT (dungeon),144,18504,18648,current level guard family; slot 5,exact
level-0,level,Level 0 - Dungeon / GUARD,sb,optional-dungeon-row-4,optional,CDUNGEON.DAT,slot-6 table 200 logical indices 86-91; populated from resources 1286-1291,0,7572,7572,selected at the level boundary; retained for that level,exact
level-0,level,Level 0 - Dungeon / GUARD,sb,optional-dungeon-row-5,optional,CDUNGEON.DAT,slot-6 table 200 logical indices 101-123; populated from resources 1301-1323,0,12296,12296,selected at the level boundary; retained for that level,exact
level-0,level,Level 0 - Dungeon / GUARD,sb,optional-dungeon-row-6,optional,CDUNGEON.DAT,slot-6 table 200 logical indices 127-143; populated from resources 1327-1343,0,8012,8012,selected at the level boundary; retained for that level,exact
level-0,level,Level 0 - Dungeon / GUARD,sb,surface-gameplay,surface,,runtime-created surface; not stored in a DAT,436,15362,15798,current gameplay or full-screen display state,exact
level-0,level,Level 0 - Dungeon / GUARD,sb,sound-sb,sound,DIGISND3.DAT | DIGISND1.DAT | DIGISND2.DAT | MIDISND1.DAT | IBM_SND1.DAT,DIGISND3/1 digitized core plus PRINCE resource 1 OPL bank; DIGISND2/MIDISND2 optional resources and MIDI/IBM fallbacks,0,108390,108390,"core sounds persist; title, ending, and event sounds follow state boundaries",exact resource-selected totals; see the Sound Blaster detection caveat
level-0,level,Level 0 - Dungeon / GUARD,mt32,sword,permanent,PRINCE.DAT,table 700; image resources 701-734,144,2680,2824,startup anchor; slot 0 remains resident,exact
level-0,level,Level 0 - Dungeon / GUARD,mt32,flame-sword-potion,permanent,PRINCE.DAT,table 150; image resources 151-173,192,4416,4608,startup anchor; slot 1 remains resident,exact
level-0,level,Level 0 - Dungeon / GUARD,mt32,kid,character,KID.DAT,table 400; image resources 401-619,884,35600,36484,gameplay session; slot 2 remains through pre-level scenes and reunion,exact
level-0,level,Level 0 - Dungeon / GUARD,mt32,dungeon,environment,CDUNGEON.DAT,table 200; image resources 201-351,1216,30668,31884,current level family; slot 6,exact
level-0,level,Level 0 - Dungeon / GUARD,mt32,dungeon-wall,environment,CDUNGEON.DAT,table 360; image resources 361-364,40,4032,4072,current level family; slot 7,exact
level-0,level,Level 0 - Dungeon / GUARD,mt32,guard,character,GUARD.DAT,GUARD.DAT resources 751-784; palette resource 750 is selected from GUARD1.DAT (palace) or GUARD2.DAT (dungeon),144,18504,18648,current level guard family; slot 5,exact
level-0,level,Level 0 - Dungeon / GUARD,mt32,optional-dungeon-row-4,optional,CDUNGEON.DAT,slot-6 table 200 logical indices 86-91; populated from resources 1286-1291,0,7572,7572,selected at the level boundary; retained for that level,exact
level-0,level,Level 0 - Dungeon / GUARD,mt32,optional-dungeon-row-5,optional,CDUNGEON.DAT,slot-6 table 200 logical indices 101-123; populated from resources 1301-1323,0,12296,12296,selected at the level boundary; retained for that level,exact
level-0,level,Level 0 - Dungeon / GUARD,mt32,optional-dungeon-row-6,optional,CDUNGEON.DAT,slot-6 table 200 logical indices 127-143; populated from resources 1327-1343,0,8012,8012,selected at the level boundary; retained for that level,exact
level-0,level,Level 0 - Dungeon / GUARD,mt32,surface-gameplay,surface,,runtime-created surface; not stored in a DAT,436,15362,15798,current gameplay or full-screen display state,exact
level-0,level,Level 0 - Dungeon / GUARD,mt32,sound-mt32,sound,MT32SND1.DAT | MT32SND2.DAT | MIDISND1.DAT | MIDISND2.DAT | IBM_SND1.DAT,"MT32SND1 resources 10000-10023, MIDISND1/IBM core fallbacks, then MT32SND2/MIDISND2 optional resources",0,11222,11222,"core sounds persist; title, ending, and event sounds follow state boundaries",exact resource-selected totals; see the Sound Blaster detection caveat
level-1,level,Level 1 - Dungeon / GUARD,pc,sword,permanent,PRINCE.DAT,table 700; image resources 701-734,144,2680,2824,startup anchor; slot 0 remains resident,exact
level-1,level,Level 1 - Dungeon / GUARD,pc,flame-sword-potion,permanent,PRINCE.DAT,table 150; image resources 151-173,192,4416,4608,startup anchor; slot 1 remains resident,exact
level-1,level,Level 1 - Dungeon / GUARD,pc,kid,character,KID.DAT,table 400; image resources 401-619,884,35600,36484,gameplay session; slot 2 remains through pre-level scenes and reunion,exact
level-1,level,Level 1 - Dungeon / GUARD,pc,dungeon,environment,CDUNGEON.DAT,table 200; image resources 201-351,1216,30668,31884,current level family; slot 6,exact
level-1,level,Level 1 - Dungeon / GUARD,pc,dungeon-wall,environment,CDUNGEON.DAT,table 360; image resources 361-364,40,4032,4072,current level family; slot 7,exact
level-1,level,Level 1 - Dungeon / GUARD,pc,guard,character,GUARD.DAT,GUARD.DAT resources 751-784; palette resource 750 is selected from GUARD1.DAT (palace) or GUARD2.DAT (dungeon),144,18504,18648,current level guard family; slot 5,exact
level-1,level,Level 1 - Dungeon / GUARD,pc,optional-dungeon-row-1,optional,CDUNGEON.DAT,slot-6 table 200 logical indices 30-31; populated from resources 1230-1231,0,1188,1188,selected at the level boundary; retained for that level,exact
level-1,level,Level 1 - Dungeon / GUARD,pc,optional-dungeon-row-6,optional,CDUNGEON.DAT,slot-6 table 200 logical indices 127-143; populated from resources 1327-1343,0,8012,8012,selected at the level boundary; retained for that level,exact
level-1,level,Level 1 - Dungeon / GUARD,pc,surface-gameplay,surface,,runtime-created surface; not stored in a DAT,436,15362,15798,current gameplay or full-screen display state,exact
level-1,level,Level 1 - Dungeon / GUARD,pc,sound-pc,sound,IBM_SND1.DAT | IBM_SND2.DAT,IBM_SND1 resources 10000-10043; selected logical sounds 44-56 use IBM_SND2,0,3776,3776,"core sounds persist; title, ending, and event sounds follow state boundaries",exact resource-selected totals; see the Sound Blaster detection caveat
level-1,level,Level 1 - Dungeon / GUARD,sb,sword,permanent,PRINCE.DAT,table 700; image resources 701-734,144,2680,2824,startup anchor; slot 0 remains resident,exact
level-1,level,Level 1 - Dungeon / GUARD,sb,flame-sword-potion,permanent,PRINCE.DAT,table 150; image resources 151-173,192,4416,4608,startup anchor; slot 1 remains resident,exact
level-1,level,Level 1 - Dungeon / GUARD,sb,kid,character,KID.DAT,table 400; image resources 401-619,884,35600,36484,gameplay session; slot 2 remains through pre-level scenes and reunion,exact
level-1,level,Level 1 - Dungeon / GUARD,sb,dungeon,environment,CDUNGEON.DAT,table 200; image resources 201-351,1216,30668,31884,current level family; slot 6,exact
level-1,level,Level 1 - Dungeon / GUARD,sb,dungeon-wall,environment,CDUNGEON.DAT,table 360; image resources 361-364,40,4032,4072,current level family; slot 7,exact
level-1,level,Level 1 - Dungeon / GUARD,sb,guard,character,GUARD.DAT,GUARD.DAT resources 751-784; palette resource 750 is selected from GUARD1.DAT (palace) or GUARD2.DAT (dungeon),144,18504,18648,current level guard family; slot 5,exact
level-1,level,Level 1 - Dungeon / GUARD,sb,optional-dungeon-row-1,optional,CDUNGEON.DAT,slot-6 table 200 logical indices 30-31; populated from resources 1230-1231,0,1188,1188,selected at the level boundary; retained for that level,exact
level-1,level,Level 1 - Dungeon / GUARD,sb,optional-dungeon-row-6,optional,CDUNGEON.DAT,slot-6 table 200 logical indices 127-143; populated from resources 1327-1343,0,8012,8012,selected at the level boundary; retained for that level,exact
level-1,level,Level 1 - Dungeon / GUARD,sb,surface-gameplay,surface,,runtime-created surface; not stored in a DAT,436,15362,15798,current gameplay or full-screen display state,exact
level-1,level,Level 1 - Dungeon / GUARD,sb,sound-sb,sound,DIGISND3.DAT | DIGISND1.DAT | DIGISND2.DAT | MIDISND1.DAT | IBM_SND1.DAT,DIGISND3/1 digitized core plus PRINCE resource 1 OPL bank; DIGISND2/MIDISND2 optional resources and MIDI/IBM fallbacks,0,101320,101320,"core sounds persist; title, ending, and event sounds follow state boundaries",exact resource-selected totals; see the Sound Blaster detection caveat
level-1,level,Level 1 - Dungeon / GUARD,mt32,sword,permanent,PRINCE.DAT,table 700; image resources 701-734,144,2680,2824,startup anchor; slot 0 remains resident,exact
level-1,level,Level 1 - Dungeon / GUARD,mt32,flame-sword-potion,permanent,PRINCE.DAT,table 150; image resources 151-173,192,4416,4608,startup anchor; slot 1 remains resident,exact
level-1,level,Level 1 - Dungeon / GUARD,mt32,kid,character,KID.DAT,table 400; image resources 401-619,884,35600,36484,gameplay session; slot 2 remains through pre-level scenes and reunion,exact
level-1,level,Level 1 - Dungeon / GUARD,mt32,dungeon,environment,CDUNGEON.DAT,table 200; image resources 201-351,1216,30668,31884,current level family; slot 6,exact
level-1,level,Level 1 - Dungeon / GUARD,mt32,dungeon-wall,environment,CDUNGEON.DAT,table 360; image resources 361-364,40,4032,4072,current level family; slot 7,exact
level-1,level,Level 1 - Dungeon / GUARD,mt32,guard,character,GUARD.DAT,GUARD.DAT resources 751-784; palette resource 750 is selected from GUARD1.DAT (palace) or GUARD2.DAT (dungeon),144,18504,18648,current level guard family; slot 5,exact
level-1,level,Level 1 - Dungeon / GUARD,mt32,optional-dungeon-row-1,optional,CDUNGEON.DAT,slot-6 table 200 logical indices 30-31; populated from resources 1230-1231,0,1188,1188,selected at the level boundary; retained for that level,exact
level-1,level,Level 1 - Dungeon / GUARD,mt32,optional-dungeon-row-6,optional,CDUNGEON.DAT,slot-6 table 200 logical indices 127-143; populated from resources 1327-1343,0,8012,8012,selected at the level boundary; retained for that level,exact
level-1,level,Level 1 - Dungeon / GUARD,mt32,surface-gameplay,surface,,runtime-created surface; not stored in a DAT,436,15362,15798,current gameplay or full-screen display state,exact
level-1,level,Level 1 - Dungeon / GUARD,mt32,sound-mt32,sound,MT32SND1.DAT | MT32SND2.DAT | MIDISND1.DAT | MIDISND2.DAT | IBM_SND1.DAT,"MT32SND1 resources 10000-10023, MIDISND1/IBM core fallbacks, then MT32SND2/MIDISND2 optional resources",0,11072,11072,"core sounds persist; title, ending, and event sounds follow state boundaries",exact resource-selected totals; see the Sound Blaster detection caveat
level-2,level,Level 2 - Dungeon / GUARD,pc,sword,permanent,PRINCE.DAT,table 700; image resources 701-734,144,2680,2824,startup anchor; slot 0 remains resident,exact
level-2,level,Level 2 - Dungeon / GUARD,pc,flame-sword-potion,permanent,PRINCE.DAT,table 150; image resources 151-173,192,4416,4608,startup anchor; slot 1 remains resident,exact
level-2,level,Level 2 - Dungeon / GUARD,pc,kid,character,KID.DAT,table 400; image resources 401-619,884,35600,36484,gameplay session; slot 2 remains through pre-level scenes and reunion,exact
level-2,level,Level 2 - Dungeon / GUARD,pc,dungeon,environment,CDUNGEON.DAT,table 200; image resources 201-351,1216,30668,31884,current level family; slot 6,exact
level-2,level,Level 2 - Dungeon / GUARD,pc,dungeon-wall,environment,CDUNGEON.DAT,table 360; image resources 361-364,40,4032,4072,current level family; slot 7,exact
level-2,level,Level 2 - Dungeon / GUARD,pc,guard,character,GUARD.DAT,GUARD.DAT resources 751-784; palette resource 750 is selected from GUARD1.DAT (palace) or GUARD2.DAT (dungeon),144,18504,18648,current level guard family; slot 5,exact
level-2,level,Level 2 - Dungeon / GUARD,pc,optional-dungeon-row-4,optional,CDUNGEON.DAT,slot-6 table 200 logical indices 86-91; populated from resources 1286-1291,0,7572,7572,selected at the level boundary; retained for that level,exact
level-2,level,Level 2 - Dungeon / GUARD,pc,optional-dungeon-row-6,optional,CDUNGEON.DAT,slot-6 table 200 logical indices 127-143; populated from resources 1327-1343,0,8012,8012,selected at the level boundary; retained for that level,exact
level-2,level,Level 2 - Dungeon / GUARD,pc,surface-gameplay,surface,,runtime-created surface; not stored in a DAT,436,15362,15798,current gameplay or full-screen display state,exact
level-2,level,Level 2 - Dungeon / GUARD,pc,sound-pc,sound,IBM_SND1.DAT | IBM_SND2.DAT,IBM_SND1 resources 10000-10043; selected logical sounds 44-56 use IBM_SND2,0,3712,3712,"core sounds persist; title, ending, and event sounds follow state boundaries",exact resource-selected totals; see the Sound Blaster detection caveat
level-2,level,Level 2 - Dungeon / GUARD,sb,sword,permanent,PRINCE.DAT,table 700; image resources 701-734,144,2680,2824,startup anchor; slot 0 remains resident,exact
level-2,level,Level 2 - Dungeon / GUARD,sb,flame-sword-potion,permanent,PRINCE.DAT,table 150; image resources 151-173,192,4416,4608,startup anchor; slot 1 remains resident,exact
level-2,level,Level 2 - Dungeon / GUARD,sb,kid,character,KID.DAT,table 400; image resources 401-619,884,35600,36484,gameplay session; slot 2 remains through pre-level scenes and reunion,exact
level-2,level,Level 2 - Dungeon / GUARD,sb,dungeon,environment,CDUNGEON.DAT,table 200; image resources 201-351,1216,30668,31884,current level family; slot 6,exact
level-2,level,Level 2 - Dungeon / GUARD,sb,dungeon-wall,environment,CDUNGEON.DAT,table 360; image resources 361-364,40,4032,4072,current level family; slot 7,exact
level-2,level,Level 2 - Dungeon / GUARD,sb,guard,character,GUARD.DAT,GUARD.DAT resources 751-784; palette resource 750 is selected from GUARD1.DAT (palace) or GUARD2.DAT (dungeon),144,18504,18648,current level guard family; slot 5,exact
level-2,level,Level 2 - Dungeon / GUARD,sb,optional-dungeon-row-4,optional,CDUNGEON.DAT,slot-6 table 200 logical indices 86-91; populated from resources 1286-1291,0,7572,7572,selected at the level boundary; retained for that level,exact
level-2,level,Level 2 - Dungeon / GUARD,sb,optional-dungeon-row-6,optional,CDUNGEON.DAT,slot-6 table 200 logical indices 127-143; populated from resources 1327-1343,0,8012,8012,selected at the level boundary; retained for that level,exact
level-2,level,Level 2 - Dungeon / GUARD,sb,surface-gameplay,surface,,runtime-created surface; not stored in a DAT,436,15362,15798,current gameplay or full-screen display state,exact
level-2,level,Level 2 - Dungeon / GUARD,sb,sound-sb,sound,DIGISND3.DAT | DIGISND1.DAT | DIGISND2.DAT | MIDISND1.DAT | IBM_SND1.DAT,DIGISND3/1 digitized core plus PRINCE resource 1 OPL bank; DIGISND2/MIDISND2 optional resources and MIDI/IBM fallbacks,0,98638,98638,"core sounds persist; title, ending, and event sounds follow state boundaries",exact resource-selected totals; see the Sound Blaster detection caveat
level-2,level,Level 2 - Dungeon / GUARD,mt32,sword,permanent,PRINCE.DAT,table 700; image resources 701-734,144,2680,2824,startup anchor; slot 0 remains resident,exact
level-2,level,Level 2 - Dungeon / GUARD,mt32,flame-sword-potion,permanent,PRINCE.DAT,table 150; image resources 151-173,192,4416,4608,startup anchor; slot 1 remains resident,exact
level-2,level,Level 2 - Dungeon / GUARD,mt32,kid,character,KID.DAT,table 400; image resources 401-619,884,35600,36484,gameplay session; slot 2 remains through pre-level scenes and reunion,exact
level-2,level,Level 2 - Dungeon / GUARD,mt32,dungeon,environment,CDUNGEON.DAT,table 200; image resources 201-351,1216,30668,31884,current level family; slot 6,exact
level-2,level,Level 2 - Dungeon / GUARD,mt32,dungeon-wall,environment,CDUNGEON.DAT,table 360; image resources 361-364,40,4032,4072,current level family; slot 7,exact
level-2,level,Level 2 - Dungeon / GUARD,mt32,guard,character,GUARD.DAT,GUARD.DAT resources 751-784; palette resource 750 is selected from GUARD1.DAT (palace) or GUARD2.DAT (dungeon),144,18504,18648,current level guard family; slot 5,exact
level-2,level,Level 2 - Dungeon / GUARD,mt32,optional-dungeon-row-4,optional,CDUNGEON.DAT,slot-6 table 200 logical indices 86-91; populated from resources 1286-1291,0,7572,7572,selected at the level boundary; retained for that level,exact
level-2,level,Level 2 - Dungeon / GUARD,mt32,optional-dungeon-row-6,optional,CDUNGEON.DAT,slot-6 table 200 logical indices 127-143; populated from resources 1327-1343,0,8012,8012,selected at the level boundary; retained for that level,exact
level-2,level,Level 2 - Dungeon / GUARD,mt32,surface-gameplay,surface,,runtime-created surface; not stored in a DAT,436,15362,15798,current gameplay or full-screen display state,exact
level-2,level,Level 2 - Dungeon / GUARD,mt32,sound-mt32,sound,MT32SND1.DAT | MT32SND2.DAT | MIDISND1.DAT | MIDISND2.DAT | IBM_SND1.DAT,"MT32SND1 resources 10000-10023, MIDISND1/IBM core fallbacks, then MT32SND2/MIDISND2 optional resources",0,10936,10936,"core sounds persist; title, ending, and event sounds follow state boundaries",exact resource-selected totals; see the Sound Blaster detection caveat
level-3,level,Level 3 - Dungeon / SKEL,pc,sword,permanent,PRINCE.DAT,table 700; image resources 701-734,144,2680,2824,startup anchor; slot 0 remains resident,exact
level-3,level,Level 3 - Dungeon / SKEL,pc,flame-sword-potion,permanent,PRINCE.DAT,table 150; image resources 151-173,192,4416,4608,startup anchor; slot 1 remains resident,exact
level-3,level,Level 3 - Dungeon / SKEL,pc,kid,character,KID.DAT,table 400; image resources 401-619,884,35600,36484,gameplay session; slot 2 remains through pre-level scenes and reunion,exact
level-3,level,Level 3 - Dungeon / SKEL,pc,dungeon,environment,CDUNGEON.DAT,table 200; image resources 201-351,1216,30668,31884,current level family; slot 6,exact
level-3,level,Level 3 - Dungeon / SKEL,pc,dungeon-wall,environment,CDUNGEON.DAT,table 360; image resources 361-364,40,4032,4072,current level family; slot 7,exact
level-3,level,Level 3 - Dungeon / SKEL,pc,skeleton,character,SKEL.DAT,table 750; image resources 751-778,120,15120,15240,level 3 guard family; slot 5,exact
level-3,level,Level 3 - Dungeon / SKEL,pc,optional-dungeon-row-1,optional,CDUNGEON.DAT,slot-6 table 200 logical indices 30-31; populated from resources 1230-1231,0,1188,1188,selected at the level boundary; retained for that level,exact
level-3,level,Level 3 - Dungeon / SKEL,pc,optional-dungeon-row-5,optional,CDUNGEON.DAT,slot-6 table 200 logical indices 101-123; populated from resources 1301-1323,0,12296,12296,selected at the level boundary; retained for that level,exact
level-3,level,Level 3 - Dungeon / SKEL,pc,optional-dungeon-row-6,optional,CDUNGEON.DAT,slot-6 table 200 logical indices 127-143; populated from resources 1327-1343,0,8012,8012,selected at the level boundary; retained for that level,exact
level-3,level,Level 3 - Dungeon / SKEL,pc,surface-gameplay,surface,,runtime-created surface; not stored in a DAT,436,15362,15798,current gameplay or full-screen display state,exact
level-3,level,Level 3 - Dungeon / SKEL,pc,sound-pc,sound,IBM_SND1.DAT | IBM_SND2.DAT,IBM_SND1 resources 10000-10043; selected logical sounds 44-56 use IBM_SND2,0,4016,4016,"core sounds persist; title, ending, and event sounds follow state boundaries",exact resource-selected totals; see the Sound Blaster detection caveat
level-3,level,Level 3 - Dungeon / SKEL,sb,sword,permanent,PRINCE.DAT,table 700; image resources 701-734,144,2680,2824,startup anchor; slot 0 remains resident,exact
level-3,level,Level 3 - Dungeon / SKEL,sb,flame-sword-potion,permanent,PRINCE.DAT,table 150; image resources 151-173,192,4416,4608,startup anchor; slot 1 remains resident,exact
level-3,level,Level 3 - Dungeon / SKEL,sb,kid,character,KID.DAT,table 400; image resources 401-619,884,35600,36484,gameplay session; slot 2 remains through pre-level scenes and reunion,exact
level-3,level,Level 3 - Dungeon / SKEL,sb,dungeon,environment,CDUNGEON.DAT,table 200; image resources 201-351,1216,30668,31884,current level family; slot 6,exact
level-3,level,Level 3 - Dungeon / SKEL,sb,dungeon-wall,environment,CDUNGEON.DAT,table 360; image resources 361-364,40,4032,4072,current level family; slot 7,exact
level-3,level,Level 3 - Dungeon / SKEL,sb,skeleton,character,SKEL.DAT,table 750; image resources 751-778,120,15120,15240,level 3 guard family; slot 5,exact
level-3,level,Level 3 - Dungeon / SKEL,sb,optional-dungeon-row-1,optional,CDUNGEON.DAT,slot-6 table 200 logical indices 30-31; populated from resources 1230-1231,0,1188,1188,selected at the level boundary; retained for that level,exact
level-3,level,Level 3 - Dungeon / SKEL,sb,optional-dungeon-row-5,optional,CDUNGEON.DAT,slot-6 table 200 logical indices 101-123; populated from resources 1301-1323,0,12296,12296,selected at the level boundary; retained for that level,exact
level-3,level,Level 3 - Dungeon / SKEL,sb,optional-dungeon-row-6,optional,CDUNGEON.DAT,slot-6 table 200 logical indices 127-143; populated from resources 1327-1343,0,8012,8012,selected at the level boundary; retained for that level,exact
level-3,level,Level 3 - Dungeon / SKEL,sb,surface-gameplay,surface,,runtime-created surface; not stored in a DAT,436,15362,15798,current gameplay or full-screen display state,exact
level-3,level,Level 3 - Dungeon / SKEL,sb,sound-sb,sound,DIGISND3.DAT | DIGISND1.DAT | DIGISND2.DAT | MIDISND1.DAT | IBM_SND1.DAT,DIGISND3/1 digitized core plus PRINCE resource 1 OPL bank; DIGISND2/MIDISND2 optional resources and MIDI/IBM fallbacks,0,111072,111072,"core sounds persist; title, ending, and event sounds follow state boundaries",exact resource-selected totals; see the Sound Blaster detection caveat
level-3,level,Level 3 - Dungeon / SKEL,mt32,sword,permanent,PRINCE.DAT,table 700; image resources 701-734,144,2680,2824,startup anchor; slot 0 remains resident,exact
level-3,level,Level 3 - Dungeon / SKEL,mt32,flame-sword-potion,permanent,PRINCE.DAT,table 150; image resources 151-173,192,4416,4608,startup anchor; slot 1 remains resident,exact
level-3,level,Level 3 - Dungeon / SKEL,mt32,kid,character,KID.DAT,table 400; image resources 401-619,884,35600,36484,gameplay session; slot 2 remains through pre-level scenes and reunion,exact
level-3,level,Level 3 - Dungeon / SKEL,mt32,dungeon,environment,CDUNGEON.DAT,table 200; image resources 201-351,1216,30668,31884,current level family; slot 6,exact
level-3,level,Level 3 - Dungeon / SKEL,mt32,dungeon-wall,environment,CDUNGEON.DAT,table 360; image resources 361-364,40,4032,4072,current level family; slot 7,exact
level-3,level,Level 3 - Dungeon / SKEL,mt32,skeleton,character,SKEL.DAT,table 750; image resources 751-778,120,15120,15240,level 3 guard family; slot 5,exact
level-3,level,Level 3 - Dungeon / SKEL,mt32,optional-dungeon-row-1,optional,CDUNGEON.DAT,slot-6 table 200 logical indices 30-31; populated from resources 1230-1231,0,1188,1188,selected at the level boundary; retained for that level,exact
level-3,level,Level 3 - Dungeon / SKEL,mt32,optional-dungeon-row-5,optional,CDUNGEON.DAT,slot-6 table 200 logical indices 101-123; populated from resources 1301-1323,0,12296,12296,selected at the level boundary; retained for that level,exact
level-3,level,Level 3 - Dungeon / SKEL,mt32,optional-dungeon-row-6,optional,CDUNGEON.DAT,slot-6 table 200 logical indices 127-143; populated from resources 1327-1343,0,8012,8012,selected at the level boundary; retained for that level,exact
level-3,level,Level 3 - Dungeon / SKEL,mt32,surface-gameplay,surface,,runtime-created surface; not stored in a DAT,436,15362,15798,current gameplay or full-screen display state,exact
level-3,level,Level 3 - Dungeon / SKEL,mt32,sound-mt32,sound,MT32SND1.DAT | MT32SND2.DAT | MIDISND1.DAT | MIDISND2.DAT | IBM_SND1.DAT,"MT32SND1 resources 10000-10023, MIDISND1/IBM core fallbacks, then MT32SND2/MIDISND2 optional resources",0,11358,11358,"core sounds persist; title, ending, and event sounds follow state boundaries",exact resource-selected totals; see the Sound Blaster detection caveat
level-4,level,Level 4 - Palace / GUARD,pc,sword,permanent,PRINCE.DAT,table 700; image resources 701-734,144,2680,2824,startup anchor; slot 0 remains resident,exact
level-4,level,Level 4 - Palace / GUARD,pc,flame-sword-potion,permanent,PRINCE.DAT,table 150; image resources 151-173,192,4416,4608,startup anchor; slot 1 remains resident,exact
level-4,level,Level 4 - Palace / GUARD,pc,kid,character,KID.DAT,table 400; image resources 401-619,884,35600,36484,gameplay session; slot 2 remains through pre-level scenes and reunion,exact
level-4,level,Level 4 - Palace / GUARD,pc,palace,environment,CPALACE.DAT,table 200; image resources 201-351,1216,31404,32620,current level family; slot 6,exact
level-4,level,Level 4 - Palace / GUARD,pc,palace-wall,environment,CPALACE.DAT,table 360; image resources 361-364,40,4032,4072,current level family; slot 7,exact
level-4,level,Level 4 - Palace / GUARD,pc,guard,character,GUARD.DAT,GUARD.DAT resources 751-784; palette resource 750 is selected from GUARD1.DAT (palace) or GUARD2.DAT (dungeon),144,18504,18648,current level guard family; slot 5,exact
level-4,level,Level 4 - Palace / GUARD,pc,optional-palace-row-0,optional,CPALACE.DAT,"slot-6 table 200 logical indices 1-9; populated from resources 1201-1206, 1209",0,8260,8260,selected at the level boundary; retained for that level,exact
level-4,level,Level 4 - Palace / GUARD,pc,optional-palace-row-2,optional,CPALACE.DAT,"slot-6 table 200 logical indices 75-77; populated from resources 1275, 1277",0,3272,3272,selected at the level boundary; retained for that level,exact
level-4,level,Level 4 - Palace / GUARD,pc,optional-palace-row-3,optional,CPALACE.DAT,"slot-6 table 200 logical indices 78-83; populated from resources 1278, 1280-1283",0,6284,6284,selected at the level boundary; retained for that level,exact
level-4,level,Level 4 - Palace / GUARD,pc,optional-palace-row-5,optional,CPALACE.DAT,slot-6 table 200 logical indices 101-123; populated from resources 1301-1323,0,12296,12296,selected at the level boundary; retained for that level,exact
level-4,level,Level 4 - Palace / GUARD,pc,optional-palace-row-6,optional,CPALACE.DAT,slot-6 table 200 logical indices 127-143; populated from resources 1327-1343,0,8012,8012,selected at the level boundary; retained for that level,exact
level-4,level,Level 4 - Palace / GUARD,pc,surface-gameplay,surface,,runtime-created surface; not stored in a DAT,436,15362,15798,current gameplay or full-screen display state,exact
level-4,level,Level 4 - Palace / GUARD,pc,sound-pc,sound,IBM_SND1.DAT | IBM_SND2.DAT,IBM_SND1 resources 10000-10043; selected logical sounds 44-56 use IBM_SND2,0,4104,4104,"core sounds persist; title, ending, and event sounds follow state boundaries",exact resource-selected totals; see the Sound Blaster detection caveat
level-4,level,Level 4 - Palace / GUARD,sb,sword,permanent,PRINCE.DAT,table 700; image resources 701-734,144,2680,2824,startup anchor; slot 0 remains resident,exact
level-4,level,Level 4 - Palace / GUARD,sb,flame-sword-potion,permanent,PRINCE.DAT,table 150; image resources 151-173,192,4416,4608,startup anchor; slot 1 remains resident,exact
level-4,level,Level 4 - Palace / GUARD,sb,kid,character,KID.DAT,table 400; image resources 401-619,884,35600,36484,gameplay session; slot 2 remains through pre-level scenes and reunion,exact
level-4,level,Level 4 - Palace / GUARD,sb,palace,environment,CPALACE.DAT,table 200; image resources 201-351,1216,31404,32620,current level family; slot 6,exact
level-4,level,Level 4 - Palace / GUARD,sb,palace-wall,environment,CPALACE.DAT,table 360; image resources 361-364,40,4032,4072,current level family; slot 7,exact
level-4,level,Level 4 - Palace / GUARD,sb,guard,character,GUARD.DAT,GUARD.DAT resources 751-784; palette resource 750 is selected from GUARD1.DAT (palace) or GUARD2.DAT (dungeon),144,18504,18648,current level guard family; slot 5,exact
level-4,level,Level 4 - Palace / GUARD,sb,optional-palace-row-0,optional,CPALACE.DAT,"slot-6 table 200 logical indices 1-9; populated from resources 1201-1206, 1209",0,8260,8260,selected at the level boundary; retained for that level,exact
level-4,level,Level 4 - Palace / GUARD,sb,optional-palace-row-2,optional,CPALACE.DAT,"slot-6 table 200 logical indices 75-77; populated from resources 1275, 1277",0,3272,3272,selected at the level boundary; retained for that level,exact
level-4,level,Level 4 - Palace / GUARD,sb,optional-palace-row-3,optional,CPALACE.DAT,"slot-6 table 200 logical indices 78-83; populated from resources 1278, 1280-1283",0,6284,6284,selected at the level boundary; retained for that level,exact
level-4,level,Level 4 - Palace / GUARD,sb,optional-palace-row-5,optional,CPALACE.DAT,slot-6 table 200 logical indices 101-123; populated from resources 1301-1323,0,12296,12296,selected at the level boundary; retained for that level,exact
level-4,level,Level 4 - Palace / GUARD,sb,optional-palace-row-6,optional,CPALACE.DAT,slot-6 table 200 logical indices 127-143; populated from resources 1327-1343,0,8012,8012,selected at the level boundary; retained for that level,exact
level-4,level,Level 4 - Palace / GUARD,sb,surface-gameplay,surface,,runtime-created surface; not stored in a DAT,436,15362,15798,current gameplay or full-screen display state,exact
level-4,level,Level 4 - Palace / GUARD,sb,sound-sb,sound,DIGISND3.DAT | DIGISND1.DAT | DIGISND2.DAT | MIDISND1.DAT | IBM_SND1.DAT,DIGISND3/1 digitized core plus PRINCE resource 1 OPL bank; DIGISND2/MIDISND2 optional resources and MIDI/IBM fallbacks,0,112638,112638,"core sounds persist; title, ending, and event sounds follow state boundaries",exact resource-selected totals; see the Sound Blaster detection caveat
level-4,level,Level 4 - Palace / GUARD,mt32,sword,permanent,PRINCE.DAT,table 700; image resources 701-734,144,2680,2824,startup anchor; slot 0 remains resident,exact
level-4,level,Level 4 - Palace / GUARD,mt32,flame-sword-potion,permanent,PRINCE.DAT,table 150; image resources 151-173,192,4416,4608,startup anchor; slot 1 remains resident,exact
level-4,level,Level 4 - Palace / GUARD,mt32,kid,character,KID.DAT,table 400; image resources 401-619,884,35600,36484,gameplay session; slot 2 remains through pre-level scenes and reunion,exact
level-4,level,Level 4 - Palace / GUARD,mt32,palace,environment,CPALACE.DAT,table 200; image resources 201-351,1216,31404,32620,current level family; slot 6,exact
level-4,level,Level 4 - Palace / GUARD,mt32,palace-wall,environment,CPALACE.DAT,table 360; image resources 361-364,40,4032,4072,current level family; slot 7,exact
level-4,level,Level 4 - Palace / GUARD,mt32,guard,character,GUARD.DAT,GUARD.DAT resources 751-784; palette resource 750 is selected from GUARD1.DAT (palace) or GUARD2.DAT (dungeon),144,18504,18648,current level guard family; slot 5,exact
level-4,level,Level 4 - Palace / GUARD,mt32,optional-palace-row-0,optional,CPALACE.DAT,"slot-6 table 200 logical indices 1-9; populated from resources 1201-1206, 1209",0,8260,8260,selected at the level boundary; retained for that level,exact
level-4,level,Level 4 - Palace / GUARD,mt32,optional-palace-row-2,optional,CPALACE.DAT,"slot-6 table 200 logical indices 75-77; populated from resources 1275, 1277",0,3272,3272,selected at the level boundary; retained for that level,exact
level-4,level,Level 4 - Palace / GUARD,mt32,optional-palace-row-3,optional,CPALACE.DAT,"slot-6 table 200 logical indices 78-83; populated from resources 1278, 1280-1283",0,6284,6284,selected at the level boundary; retained for that level,exact
level-4,level,Level 4 - Palace / GUARD,mt32,optional-palace-row-5,optional,CPALACE.DAT,slot-6 table 200 logical indices 101-123; populated from resources 1301-1323,0,12296,12296,selected at the level boundary; retained for that level,exact
level-4,level,Level 4 - Palace / GUARD,mt32,optional-palace-row-6,optional,CPALACE.DAT,slot-6 table 200 logical indices 127-143; populated from resources 1327-1343,0,8012,8012,selected at the level boundary; retained for that level,exact
level-4,level,Level 4 - Palace / GUARD,mt32,surface-gameplay,surface,,runtime-created surface; not stored in a DAT,436,15362,15798,current gameplay or full-screen display state,exact
level-4,level,Level 4 - Palace / GUARD,mt32,sound-mt32,sound,MT32SND1.DAT | MT32SND2.DAT | MIDISND1.DAT | MIDISND2.DAT | IBM_SND1.DAT,"MT32SND1 resources 10000-10023, MIDISND1/IBM core fallbacks, then MT32SND2/MIDISND2 optional resources",0,11326,11326,"core sounds persist; title, ending, and event sounds follow state boundaries",exact resource-selected totals; see the Sound Blaster detection caveat
level-5,level,Level 5 - Palace / GUARD,pc,sword,permanent,PRINCE.DAT,table 700; image resources 701-734,144,2680,2824,startup anchor; slot 0 remains resident,exact
level-5,level,Level 5 - Palace / GUARD,pc,flame-sword-potion,permanent,PRINCE.DAT,table 150; image resources 151-173,192,4416,4608,startup anchor; slot 1 remains resident,exact
level-5,level,Level 5 - Palace / GUARD,pc,kid,character,KID.DAT,table 400; image resources 401-619,884,35600,36484,gameplay session; slot 2 remains through pre-level scenes and reunion,exact
level-5,level,Level 5 - Palace / GUARD,pc,palace,environment,CPALACE.DAT,table 200; image resources 201-351,1216,31404,32620,current level family; slot 6,exact
level-5,level,Level 5 - Palace / GUARD,pc,palace-wall,environment,CPALACE.DAT,table 360; image resources 361-364,40,4032,4072,current level family; slot 7,exact
level-5,level,Level 5 - Palace / GUARD,pc,guard,character,GUARD.DAT,GUARD.DAT resources 751-784; palette resource 750 is selected from GUARD1.DAT (palace) or GUARD2.DAT (dungeon),144,18504,18648,current level guard family; slot 5,exact
level-5,level,Level 5 - Palace / GUARD,pc,optional-palace-row-0,optional,CPALACE.DAT,"slot-6 table 200 logical indices 1-9; populated from resources 1201-1206, 1209",0,8260,8260,selected at the level boundary; retained for that level,exact
level-5,level,Level 5 - Palace / GUARD,pc,optional-palace-row-3,optional,CPALACE.DAT,"slot-6 table 200 logical indices 78-83; populated from resources 1278, 1280-1283",0,6284,6284,selected at the level boundary; retained for that level,exact
level-5,level,Level 5 - Palace / GUARD,pc,optional-palace-row-4,optional,CPALACE.DAT,slot-6 table 200 logical indices 86-91; populated from resources 1286-1291,0,8004,8004,selected at the level boundary; retained for that level,exact
level-5,level,Level 5 - Palace / GUARD,pc,optional-palace-row-5,optional,CPALACE.DAT,slot-6 table 200 logical indices 101-123; populated from resources 1301-1323,0,12296,12296,selected at the level boundary; retained for that level,exact
level-5,level,Level 5 - Palace / GUARD,pc,optional-palace-row-6,optional,CPALACE.DAT,slot-6 table 200 logical indices 127-143; populated from resources 1327-1343,0,8012,8012,selected at the level boundary; retained for that level,exact
level-5,level,Level 5 - Palace / GUARD,pc,surface-gameplay,surface,,runtime-created surface; not stored in a DAT,436,15362,15798,current gameplay or full-screen display state,exact
level-5,level,Level 5 - Palace / GUARD,pc,sound-pc,sound,IBM_SND1.DAT | IBM_SND2.DAT,IBM_SND1 resources 10000-10043; selected logical sounds 44-56 use IBM_SND2,0,3952,3952,"core sounds persist; title, ending, and event sounds follow state boundaries",exact resource-selected totals; see the Sound Blaster detection caveat
level-5,level,Level 5 - Palace / GUARD,sb,sword,permanent,PRINCE.DAT,table 700; image resources 701-734,144,2680,2824,startup anchor; slot 0 remains resident,exact
level-5,level,Level 5 - Palace / GUARD,sb,flame-sword-potion,permanent,PRINCE.DAT,table 150; image resources 151-173,192,4416,4608,startup anchor; slot 1 remains resident,exact
level-5,level,Level 5 - Palace / GUARD,sb,kid,character,KID.DAT,table 400; image resources 401-619,884,35600,36484,gameplay session; slot 2 remains through pre-level scenes and reunion,exact
level-5,level,Level 5 - Palace / GUARD,sb,palace,environment,CPALACE.DAT,table 200; image resources 201-351,1216,31404,32620,current level family; slot 6,exact
level-5,level,Level 5 - Palace / GUARD,sb,palace-wall,environment,CPALACE.DAT,table 360; image resources 361-364,40,4032,4072,current level family; slot 7,exact
level-5,level,Level 5 - Palace / GUARD,sb,guard,character,GUARD.DAT,GUARD.DAT resources 751-784; palette resource 750 is selected from GUARD1.DAT (palace) or GUARD2.DAT (dungeon),144,18504,18648,current level guard family; slot 5,exact
level-5,level,Level 5 - Palace / GUARD,sb,optional-palace-row-0,optional,CPALACE.DAT,"slot-6 table 200 logical indices 1-9; populated from resources 1201-1206, 1209",0,8260,8260,selected at the level boundary; retained for that level,exact
level-5,level,Level 5 - Palace / GUARD,sb,optional-palace-row-3,optional,CPALACE.DAT,"slot-6 table 200 logical indices 78-83; populated from resources 1278, 1280-1283",0,6284,6284,selected at the level boundary; retained for that level,exact
level-5,level,Level 5 - Palace / GUARD,sb,optional-palace-row-4,optional,CPALACE.DAT,slot-6 table 200 logical indices 86-91; populated from resources 1286-1291,0,8004,8004,selected at the level boundary; retained for that level,exact
level-5,level,Level 5 - Palace / GUARD,sb,optional-palace-row-5,optional,CPALACE.DAT,slot-6 table 200 logical indices 101-123; populated from resources 1301-1323,0,12296,12296,selected at the level boundary; retained for that level,exact
level-5,level,Level 5 - Palace / GUARD,sb,optional-palace-row-6,optional,CPALACE.DAT,slot-6 table 200 logical indices 127-143; populated from resources 1327-1343,0,8012,8012,selected at the level boundary; retained for that level,exact
level-5,level,Level 5 - Palace / GUARD,sb,surface-gameplay,surface,,runtime-created surface; not stored in a DAT,436,15362,15798,current gameplay or full-screen display state,exact
level-5,level,Level 5 - Palace / GUARD,sb,sound-sb,sound,DIGISND3.DAT | DIGISND1.DAT | DIGISND2.DAT | MIDISND1.DAT | IBM_SND1.DAT,DIGISND3/1 digitized core plus PRINCE resource 1 OPL bank; DIGISND2/MIDISND2 optional resources and MIDI/IBM fallbacks,0,108390,108390,"core sounds persist; title, ending, and event sounds follow state boundaries",exact resource-selected totals; see the Sound Blaster detection caveat
level-5,level,Level 5 - Palace / GUARD,mt32,sword,permanent,PRINCE.DAT,table 700; image resources 701-734,144,2680,2824,startup anchor; slot 0 remains resident,exact
level-5,level,Level 5 - Palace / GUARD,mt32,flame-sword-potion,permanent,PRINCE.DAT,table 150; image resources 151-173,192,4416,4608,startup anchor; slot 1 remains resident,exact
level-5,level,Level 5 - Palace / GUARD,mt32,kid,character,KID.DAT,table 400; image resources 401-619,884,35600,36484,gameplay session; slot 2 remains through pre-level scenes and reunion,exact
level-5,level,Level 5 - Palace / GUARD,mt32,palace,environment,CPALACE.DAT,table 200; image resources 201-351,1216,31404,32620,current level family; slot 6,exact
level-5,level,Level 5 - Palace / GUARD,mt32,palace-wall,environment,CPALACE.DAT,table 360; image resources 361-364,40,4032,4072,current level family; slot 7,exact
level-5,level,Level 5 - Palace / GUARD,mt32,guard,character,GUARD.DAT,GUARD.DAT resources 751-784; palette resource 750 is selected from GUARD1.DAT (palace) or GUARD2.DAT (dungeon),144,18504,18648,current level guard family; slot 5,exact
level-5,level,Level 5 - Palace / GUARD,mt32,optional-palace-row-0,optional,CPALACE.DAT,"slot-6 table 200 logical indices 1-9; populated from resources 1201-1206, 1209",0,8260,8260,selected at the level boundary; retained for that level,exact
level-5,level,Level 5 - Palace / GUARD,mt32,optional-palace-row-3,optional,CPALACE.DAT,"slot-6 table 200 logical indices 78-83; populated from resources 1278, 1280-1283",0,6284,6284,selected at the level boundary; retained for that level,exact
level-5,level,Level 5 - Palace / GUARD,mt32,optional-palace-row-4,optional,CPALACE.DAT,slot-6 table 200 logical indices 86-91; populated from resources 1286-1291,0,8004,8004,selected at the level boundary; retained for that level,exact
level-5,level,Level 5 - Palace / GUARD,mt32,optional-palace-row-5,optional,CPALACE.DAT,slot-6 table 200 logical indices 101-123; populated from resources 1301-1323,0,12296,12296,selected at the level boundary; retained for that level,exact
level-5,level,Level 5 - Palace / GUARD,mt32,optional-palace-row-6,optional,CPALACE.DAT,slot-6 table 200 logical indices 127-143; populated from resources 1327-1343,0,8012,8012,selected at the level boundary; retained for that level,exact
level-5,level,Level 5 - Palace / GUARD,mt32,surface-gameplay,surface,,runtime-created surface; not stored in a DAT,436,15362,15798,current gameplay or full-screen display state,exact
level-5,level,Level 5 - Palace / GUARD,mt32,sound-mt32,sound,MT32SND1.DAT | MT32SND2.DAT | MIDISND1.DAT | MIDISND2.DAT | IBM_SND1.DAT,"MT32SND1 resources 10000-10023, MIDISND1/IBM core fallbacks, then MT32SND2/MIDISND2 optional resources",0,11222,11222,"core sounds persist; title, ending, and event sounds follow state boundaries",exact resource-selected totals; see the Sound Blaster detection caveat
level-6,level,Level 6 - Palace / FAT,pc,sword,permanent,PRINCE.DAT,table 700; image resources 701-734,144,2680,2824,startup anchor; slot 0 remains resident,exact
level-6,level,Level 6 - Palace / FAT,pc,flame-sword-potion,permanent,PRINCE.DAT,table 150; image resources 151-173,192,4416,4608,startup anchor; slot 1 remains resident,exact
level-6,level,Level 6 - Palace / FAT,pc,kid,character,KID.DAT,table 400; image resources 401-619,884,35600,36484,gameplay session; slot 2 remains through pre-level scenes and reunion,exact
level-6,level,Level 6 - Palace / FAT,pc,palace,environment,CPALACE.DAT,table 200; image resources 201-351,1216,31404,32620,current level family; slot 6,exact
level-6,level,Level 6 - Palace / FAT,pc,palace-wall,environment,CPALACE.DAT,table 360; image resources 361-364,40,4032,4072,current level family; slot 7,exact
level-6,level,Level 6 - Palace / FAT,pc,fat,character,FAT.DAT,table 750; image resources 751-784,144,17646,17790,level 6 guard family; slot 5,exact
level-6,level,Level 6 - Palace / FAT,pc,optional-palace-row-0,optional,CPALACE.DAT,"slot-6 table 200 logical indices 1-9; populated from resources 1201-1206, 1209",0,8260,8260,selected at the level boundary; retained for that level,exact
level-6,level,Level 6 - Palace / FAT,pc,optional-palace-row-3,optional,CPALACE.DAT,"slot-6 table 200 logical indices 78-83; populated from resources 1278, 1280-1283",0,6284,6284,selected at the level boundary; retained for that level,exact
level-6,level,Level 6 - Palace / FAT,pc,optional-palace-row-5,optional,CPALACE.DAT,slot-6 table 200 logical indices 101-123; populated from resources 1301-1323,0,12296,12296,selected at the level boundary; retained for that level,exact
level-6,level,Level 6 - Palace / FAT,pc,optional-palace-row-6,optional,CPALACE.DAT,slot-6 table 200 logical indices 127-143; populated from resources 1327-1343,0,8012,8012,selected at the level boundary; retained for that level,exact
level-6,level,Level 6 - Palace / FAT,pc,optional-palace-row-7,optional,CPALACE.DAT,slot-6 table 200 logical indices 10-13; populated from resources 1210-1213,0,5168,5168,selected at the level boundary; retained for that level,exact
level-6,level,Level 6 - Palace / FAT,pc,surface-gameplay,surface,,runtime-created surface; not stored in a DAT,436,15362,15798,current gameplay or full-screen display state,exact
level-6,level,Level 6 - Palace / FAT,pc,sound-pc,sound,IBM_SND1.DAT | IBM_SND2.DAT,IBM_SND1 resources 10000-10043; selected logical sounds 44-56 use IBM_SND2,0,3952,3952,"core sounds persist; title, ending, and event sounds follow state boundaries",exact resource-selected totals; see the Sound Blaster detection caveat
level-6,level,Level 6 - Palace / FAT,sb,sword,permanent,PRINCE.DAT,table 700; image resources 701-734,144,2680,2824,startup anchor; slot 0 remains resident,exact
level-6,level,Level 6 - Palace / FAT,sb,flame-sword-potion,permanent,PRINCE.DAT,table 150; image resources 151-173,192,4416,4608,startup anchor; slot 1 remains resident,exact
level-6,level,Level 6 - Palace / FAT,sb,kid,character,KID.DAT,table 400; image resources 401-619,884,35600,36484,gameplay session; slot 2 remains through pre-level scenes and reunion,exact
level-6,level,Level 6 - Palace / FAT,sb,palace,environment,CPALACE.DAT,table 200; image resources 201-351,1216,31404,32620,current level family; slot 6,exact
level-6,level,Level 6 - Palace / FAT,sb,palace-wall,environment,CPALACE.DAT,table 360; image resources 361-364,40,4032,4072,current level family; slot 7,exact
level-6,level,Level 6 - Palace / FAT,sb,fat,character,FAT.DAT,table 750; image resources 751-784,144,17646,17790,level 6 guard family; slot 5,exact
level-6,level,Level 6 - Palace / FAT,sb,optional-palace-row-0,optional,CPALACE.DAT,"slot-6 table 200 logical indices 1-9; populated from resources 1201-1206, 1209",0,8260,8260,selected at the level boundary; retained for that level,exact
level-6,level,Level 6 - Palace / FAT,sb,optional-palace-row-3,optional,CPALACE.DAT,"slot-6 table 200 logical indices 78-83; populated from resources 1278, 1280-1283",0,6284,6284,selected at the level boundary; retained for that level,exact
level-6,level,Level 6 - Palace / FAT,sb,optional-palace-row-5,optional,CPALACE.DAT,slot-6 table 200 logical indices 101-123; populated from resources 1301-1323,0,12296,12296,selected at the level boundary; retained for that level,exact
level-6,level,Level 6 - Palace / FAT,sb,optional-palace-row-6,optional,CPALACE.DAT,slot-6 table 200 logical indices 127-143; populated from resources 1327-1343,0,8012,8012,selected at the level boundary; retained for that level,exact
level-6,level,Level 6 - Palace / FAT,sb,optional-palace-row-7,optional,CPALACE.DAT,slot-6 table 200 logical indices 10-13; populated from resources 1210-1213,0,5168,5168,selected at the level boundary; retained for that level,exact
level-6,level,Level 6 - Palace / FAT,sb,surface-gameplay,surface,,runtime-created surface; not stored in a DAT,436,15362,15798,current gameplay or full-screen display state,exact
level-6,level,Level 6 - Palace / FAT,sb,sound-sb,sound,DIGISND3.DAT | DIGISND1.DAT | DIGISND2.DAT | MIDISND1.DAT | IBM_SND1.DAT,DIGISND3/1 digitized core plus PRINCE resource 1 OPL bank; DIGISND2/MIDISND2 optional resources and MIDI/IBM fallbacks,0,108390,108390,"core sounds persist; title, ending, and event sounds follow state boundaries",exact resource-selected totals; see the Sound Blaster detection caveat
level-6,level,Level 6 - Palace / FAT,mt32,sword,permanent,PRINCE.DAT,table 700; image resources 701-734,144,2680,2824,startup anchor; slot 0 remains resident,exact
level-6,level,Level 6 - Palace / FAT,mt32,flame-sword-potion,permanent,PRINCE.DAT,table 150; image resources 151-173,192,4416,4608,startup anchor; slot 1 remains resident,exact
level-6,level,Level 6 - Palace / FAT,mt32,kid,character,KID.DAT,table 400; image resources 401-619,884,35600,36484,gameplay session; slot 2 remains through pre-level scenes and reunion,exact
level-6,level,Level 6 - Palace / FAT,mt32,palace,environment,CPALACE.DAT,table 200; image resources 201-351,1216,31404,32620,current level family; slot 6,exact
level-6,level,Level 6 - Palace / FAT,mt32,palace-wall,environment,CPALACE.DAT,table 360; image resources 361-364,40,4032,4072,current level family; slot 7,exact
level-6,level,Level 6 - Palace / FAT,mt32,fat,character,FAT.DAT,table 750; image resources 751-784,144,17646,17790,level 6 guard family; slot 5,exact
level-6,level,Level 6 - Palace / FAT,mt32,optional-palace-row-0,optional,CPALACE.DAT,"slot-6 table 200 logical indices 1-9; populated from resources 1201-1206, 1209",0,8260,8260,selected at the level boundary; retained for that level,exact
level-6,level,Level 6 - Palace / FAT,mt32,optional-palace-row-3,optional,CPALACE.DAT,"slot-6 table 200 logical indices 78-83; populated from resources 1278, 1280-1283",0,6284,6284,selected at the level boundary; retained for that level,exact
level-6,level,Level 6 - Palace / FAT,mt32,optional-palace-row-5,optional,CPALACE.DAT,slot-6 table 200 logical indices 101-123; populated from resources 1301-1323,0,12296,12296,selected at the level boundary; retained for that level,exact
level-6,level,Level 6 - Palace / FAT,mt32,optional-palace-row-6,optional,CPALACE.DAT,slot-6 table 200 logical indices 127-143; populated from resources 1327-1343,0,8012,8012,selected at the level boundary; retained for that level,exact
level-6,level,Level 6 - Palace / FAT,mt32,optional-palace-row-7,optional,CPALACE.DAT,slot-6 table 200 logical indices 10-13; populated from resources 1210-1213,0,5168,5168,selected at the level boundary; retained for that level,exact
level-6,level,Level 6 - Palace / FAT,mt32,surface-gameplay,surface,,runtime-created surface; not stored in a DAT,436,15362,15798,current gameplay or full-screen display state,exact
level-6,level,Level 6 - Palace / FAT,mt32,sound-mt32,sound,MT32SND1.DAT | MT32SND2.DAT | MIDISND1.DAT | MIDISND2.DAT | IBM_SND1.DAT,"MT32SND1 resources 10000-10023, MIDISND1/IBM core fallbacks, then MT32SND2/MIDISND2 optional resources",0,11222,11222,"core sounds persist; title, ending, and event sounds follow state boundaries",exact resource-selected totals; see the Sound Blaster detection caveat
level-7,level,Level 7 - Dungeon / GUARD,pc,sword,permanent,PRINCE.DAT,table 700; image resources 701-734,144,2680,2824,startup anchor; slot 0 remains resident,exact
level-7,level,Level 7 - Dungeon / GUARD,pc,flame-sword-potion,permanent,PRINCE.DAT,table 150; image resources 151-173,192,4416,4608,startup anchor; slot 1 remains resident,exact
level-7,level,Level 7 - Dungeon / GUARD,pc,kid,character,KID.DAT,table 400; image resources 401-619,884,35600,36484,gameplay session; slot 2 remains through pre-level scenes and reunion,exact
level-7,level,Level 7 - Dungeon / GUARD,pc,dungeon,environment,CDUNGEON.DAT,table 200; image resources 201-351,1216,30668,31884,current level family; slot 6,exact
level-7,level,Level 7 - Dungeon / GUARD,pc,dungeon-wall,environment,CDUNGEON.DAT,table 360; image resources 361-364,40,4032,4072,current level family; slot 7,exact
level-7,level,Level 7 - Dungeon / GUARD,pc,guard,character,GUARD.DAT,GUARD.DAT resources 751-784; palette resource 750 is selected from GUARD1.DAT (palace) or GUARD2.DAT (dungeon),144,18504,18648,current level guard family; slot 5,exact
level-7,level,Level 7 - Dungeon / GUARD,pc,optional-dungeon-row-1,optional,CDUNGEON.DAT,slot-6 table 200 logical indices 30-31; populated from resources 1230-1231,0,1188,1188,selected at the level boundary; retained for that level,exact
level-7,level,Level 7 - Dungeon / GUARD,pc,optional-dungeon-row-5,optional,CDUNGEON.DAT,slot-6 table 200 logical indices 101-123; populated from resources 1301-1323,0,12296,12296,selected at the level boundary; retained for that level,exact
level-7,level,Level 7 - Dungeon / GUARD,pc,optional-dungeon-row-6,optional,CDUNGEON.DAT,slot-6 table 200 logical indices 127-143; populated from resources 1327-1343,0,8012,8012,selected at the level boundary; retained for that level,exact
level-7,level,Level 7 - Dungeon / GUARD,pc,surface-gameplay,surface,,runtime-created surface; not stored in a DAT,436,15362,15798,current gameplay or full-screen display state,exact
level-7,level,Level 7 - Dungeon / GUARD,pc,sound-pc,sound,IBM_SND1.DAT | IBM_SND2.DAT,IBM_SND1 resources 10000-10043; selected logical sounds 44-56 use IBM_SND2,0,4016,4016,"core sounds persist; title, ending, and event sounds follow state boundaries",exact resource-selected totals; see the Sound Blaster detection caveat
level-7,level,Level 7 - Dungeon / GUARD,sb,sword,permanent,PRINCE.DAT,table 700; image resources 701-734,144,2680,2824,startup anchor; slot 0 remains resident,exact
level-7,level,Level 7 - Dungeon / GUARD,sb,flame-sword-potion,permanent,PRINCE.DAT,table 150; image resources 151-173,192,4416,4608,startup anchor; slot 1 remains resident,exact
level-7,level,Level 7 - Dungeon / GUARD,sb,kid,character,KID.DAT,table 400; image resources 401-619,884,35600,36484,gameplay session; slot 2 remains through pre-level scenes and reunion,exact
level-7,level,Level 7 - Dungeon / GUARD,sb,dungeon,environment,CDUNGEON.DAT,table 200; image resources 201-351,1216,30668,31884,current level family; slot 6,exact
level-7,level,Level 7 - Dungeon / GUARD,sb,dungeon-wall,environment,CDUNGEON.DAT,table 360; image resources 361-364,40,4032,4072,current level family; slot 7,exact
level-7,level,Level 7 - Dungeon / GUARD,sb,guard,character,GUARD.DAT,GUARD.DAT resources 751-784; palette resource 750 is selected from GUARD1.DAT (palace) or GUARD2.DAT (dungeon),144,18504,18648,current level guard family; slot 5,exact
level-7,level,Level 7 - Dungeon / GUARD,sb,optional-dungeon-row-1,optional,CDUNGEON.DAT,slot-6 table 200 logical indices 30-31; populated from resources 1230-1231,0,1188,1188,selected at the level boundary; retained for that level,exact
level-7,level,Level 7 - Dungeon / GUARD,sb,optional-dungeon-row-5,optional,CDUNGEON.DAT,slot-6 table 200 logical indices 101-123; populated from resources 1301-1323,0,12296,12296,selected at the level boundary; retained for that level,exact
level-7,level,Level 7 - Dungeon / GUARD,sb,optional-dungeon-row-6,optional,CDUNGEON.DAT,slot-6 table 200 logical indices 127-143; populated from resources 1327-1343,0,8012,8012,selected at the level boundary; retained for that level,exact
level-7,level,Level 7 - Dungeon / GUARD,sb,surface-gameplay,surface,,runtime-created surface; not stored in a DAT,436,15362,15798,current gameplay or full-screen display state,exact
level-7,level,Level 7 - Dungeon / GUARD,sb,sound-sb,sound,DIGISND3.DAT | DIGISND1.DAT | DIGISND2.DAT | MIDISND1.DAT | IBM_SND1.DAT,DIGISND3/1 digitized core plus PRINCE resource 1 OPL bank; DIGISND2/MIDISND2 optional resources and MIDI/IBM fallbacks,0,111072,111072,"core sounds persist; title, ending, and event sounds follow state boundaries",exact resource-selected totals; see the Sound Blaster detection caveat
level-7,level,Level 7 - Dungeon / GUARD,mt32,sword,permanent,PRINCE.DAT,table 700; image resources 701-734,144,2680,2824,startup anchor; slot 0 remains resident,exact
level-7,level,Level 7 - Dungeon / GUARD,mt32,flame-sword-potion,permanent,PRINCE.DAT,table 150; image resources 151-173,192,4416,4608,startup anchor; slot 1 remains resident,exact
level-7,level,Level 7 - Dungeon / GUARD,mt32,kid,character,KID.DAT,table 400; image resources 401-619,884,35600,36484,gameplay session; slot 2 remains through pre-level scenes and reunion,exact
level-7,level,Level 7 - Dungeon / GUARD,mt32,dungeon,environment,CDUNGEON.DAT,table 200; image resources 201-351,1216,30668,31884,current level family; slot 6,exact
level-7,level,Level 7 - Dungeon / GUARD,mt32,dungeon-wall,environment,CDUNGEON.DAT,table 360; image resources 361-364,40,4032,4072,current level family; slot 7,exact
level-7,level,Level 7 - Dungeon / GUARD,mt32,guard,character,GUARD.DAT,GUARD.DAT resources 751-784; palette resource 750 is selected from GUARD1.DAT (palace) or GUARD2.DAT (dungeon),144,18504,18648,current level guard family; slot 5,exact
level-7,level,Level 7 - Dungeon / GUARD,mt32,optional-dungeon-row-1,optional,CDUNGEON.DAT,slot-6 table 200 logical indices 30-31; populated from resources 1230-1231,0,1188,1188,selected at the level boundary; retained for that level,exact
level-7,level,Level 7 - Dungeon / GUARD,mt32,optional-dungeon-row-5,optional,CDUNGEON.DAT,slot-6 table 200 logical indices 101-123; populated from resources 1301-1323,0,12296,12296,selected at the level boundary; retained for that level,exact
level-7,level,Level 7 - Dungeon / GUARD,mt32,optional-dungeon-row-6,optional,CDUNGEON.DAT,slot-6 table 200 logical indices 127-143; populated from resources 1327-1343,0,8012,8012,selected at the level boundary; retained for that level,exact
level-7,level,Level 7 - Dungeon / GUARD,mt32,surface-gameplay,surface,,runtime-created surface; not stored in a DAT,436,15362,15798,current gameplay or full-screen display state,exact
level-7,level,Level 7 - Dungeon / GUARD,mt32,sound-mt32,sound,MT32SND1.DAT | MT32SND2.DAT | MIDISND1.DAT | MIDISND2.DAT | IBM_SND1.DAT,"MT32SND1 resources 10000-10023, MIDISND1/IBM core fallbacks, then MT32SND2/MIDISND2 optional resources",0,11358,11358,"core sounds persist; title, ending, and event sounds follow state boundaries",exact resource-selected totals; see the Sound Blaster detection caveat
level-8,level,Level 8 - Dungeon / GUARD,pc,sword,permanent,PRINCE.DAT,table 700; image resources 701-734,144,2680,2824,startup anchor; slot 0 remains resident,exact
level-8,level,Level 8 - Dungeon / GUARD,pc,flame-sword-potion,permanent,PRINCE.DAT,table 150; image resources 151-173,192,4416,4608,startup anchor; slot 1 remains resident,exact
level-8,level,Level 8 - Dungeon / GUARD,pc,kid,character,KID.DAT,table 400; image resources 401-619,884,35600,36484,gameplay session; slot 2 remains through pre-level scenes and reunion,exact
level-8,level,Level 8 - Dungeon / GUARD,pc,dungeon,environment,CDUNGEON.DAT,table 200; image resources 201-351,1216,30668,31884,current level family; slot 6,exact
level-8,level,Level 8 - Dungeon / GUARD,pc,dungeon-wall,environment,CDUNGEON.DAT,table 360; image resources 361-364,40,4032,4072,current level family; slot 7,exact
level-8,level,Level 8 - Dungeon / GUARD,pc,guard,character,GUARD.DAT,GUARD.DAT resources 751-784; palette resource 750 is selected from GUARD1.DAT (palace) or GUARD2.DAT (dungeon),144,18504,18648,current level guard family; slot 5,exact
level-8,level,Level 8 - Dungeon / GUARD,pc,optional-dungeon-row-1,optional,CDUNGEON.DAT,slot-6 table 200 logical indices 30-31; populated from resources 1230-1231,0,1188,1188,selected at the level boundary; retained for that level,exact
level-8,level,Level 8 - Dungeon / GUARD,pc,optional-dungeon-row-5,optional,CDUNGEON.DAT,slot-6 table 200 logical indices 101-123; populated from resources 1301-1323,0,12296,12296,selected at the level boundary; retained for that level,exact
level-8,level,Level 8 - Dungeon / GUARD,pc,optional-dungeon-row-6,optional,CDUNGEON.DAT,slot-6 table 200 logical indices 127-143; populated from resources 1327-1343,0,8012,8012,selected at the level boundary; retained for that level,exact
level-8,level,Level 8 - Dungeon / GUARD,pc,surface-gameplay,surface,,runtime-created surface; not stored in a DAT,436,15362,15798,current gameplay or full-screen display state,exact
level-8,level,Level 8 - Dungeon / GUARD,pc,sound-pc,sound,IBM_SND1.DAT | IBM_SND2.DAT,IBM_SND1 resources 10000-10043; selected logical sounds 44-56 use IBM_SND2,0,4016,4016,"core sounds persist; title, ending, and event sounds follow state boundaries",exact resource-selected totals; see the Sound Blaster detection caveat
level-8,level,Level 8 - Dungeon / GUARD,sb,sword,permanent,PRINCE.DAT,table 700; image resources 701-734,144,2680,2824,startup anchor; slot 0 remains resident,exact
level-8,level,Level 8 - Dungeon / GUARD,sb,flame-sword-potion,permanent,PRINCE.DAT,table 150; image resources 151-173,192,4416,4608,startup anchor; slot 1 remains resident,exact
level-8,level,Level 8 - Dungeon / GUARD,sb,kid,character,KID.DAT,table 400; image resources 401-619,884,35600,36484,gameplay session; slot 2 remains through pre-level scenes and reunion,exact
level-8,level,Level 8 - Dungeon / GUARD,sb,dungeon,environment,CDUNGEON.DAT,table 200; image resources 201-351,1216,30668,31884,current level family; slot 6,exact
level-8,level,Level 8 - Dungeon / GUARD,sb,dungeon-wall,environment,CDUNGEON.DAT,table 360; image resources 361-364,40,4032,4072,current level family; slot 7,exact
level-8,level,Level 8 - Dungeon / GUARD,sb,guard,character,GUARD.DAT,GUARD.DAT resources 751-784; palette resource 750 is selected from GUARD1.DAT (palace) or GUARD2.DAT (dungeon),144,18504,18648,current level guard family; slot 5,exact
level-8,level,Level 8 - Dungeon / GUARD,sb,optional-dungeon-row-1,optional,CDUNGEON.DAT,slot-6 table 200 logical indices 30-31; populated from resources 1230-1231,0,1188,1188,selected at the level boundary; retained for that level,exact
level-8,level,Level 8 - Dungeon / GUARD,sb,optional-dungeon-row-5,optional,CDUNGEON.DAT,slot-6 table 200 logical indices 101-123; populated from resources 1301-1323,0,12296,12296,selected at the level boundary; retained for that level,exact
level-8,level,Level 8 - Dungeon / GUARD,sb,optional-dungeon-row-6,optional,CDUNGEON.DAT,slot-6 table 200 logical indices 127-143; populated from resources 1327-1343,0,8012,8012,selected at the level boundary; retained for that level,exact
level-8,level,Level 8 - Dungeon / GUARD,sb,surface-gameplay,surface,,runtime-created surface; not stored in a DAT,436,15362,15798,current gameplay or full-screen display state,exact
level-8,level,Level 8 - Dungeon / GUARD,sb,sound-sb,sound,DIGISND3.DAT | DIGISND1.DAT | DIGISND2.DAT | MIDISND1.DAT | IBM_SND1.DAT,DIGISND3/1 digitized core plus PRINCE resource 1 OPL bank; DIGISND2/MIDISND2 optional resources and MIDI/IBM fallbacks,0,111072,111072,"core sounds persist; title, ending, and event sounds follow state boundaries",exact resource-selected totals; see the Sound Blaster detection caveat
level-8,level,Level 8 - Dungeon / GUARD,mt32,sword,permanent,PRINCE.DAT,table 700; image resources 701-734,144,2680,2824,startup anchor; slot 0 remains resident,exact
level-8,level,Level 8 - Dungeon / GUARD,mt32,flame-sword-potion,permanent,PRINCE.DAT,table 150; image resources 151-173,192,4416,4608,startup anchor; slot 1 remains resident,exact
level-8,level,Level 8 - Dungeon / GUARD,mt32,kid,character,KID.DAT,table 400; image resources 401-619,884,35600,36484,gameplay session; slot 2 remains through pre-level scenes and reunion,exact
level-8,level,Level 8 - Dungeon / GUARD,mt32,dungeon,environment,CDUNGEON.DAT,table 200; image resources 201-351,1216,30668,31884,current level family; slot 6,exact
level-8,level,Level 8 - Dungeon / GUARD,mt32,dungeon-wall,environment,CDUNGEON.DAT,table 360; image resources 361-364,40,4032,4072,current level family; slot 7,exact
level-8,level,Level 8 - Dungeon / GUARD,mt32,guard,character,GUARD.DAT,GUARD.DAT resources 751-784; palette resource 750 is selected from GUARD1.DAT (palace) or GUARD2.DAT (dungeon),144,18504,18648,current level guard family; slot 5,exact
level-8,level,Level 8 - Dungeon / GUARD,mt32,optional-dungeon-row-1,optional,CDUNGEON.DAT,slot-6 table 200 logical indices 30-31; populated from resources 1230-1231,0,1188,1188,selected at the level boundary; retained for that level,exact
level-8,level,Level 8 - Dungeon / GUARD,mt32,optional-dungeon-row-5,optional,CDUNGEON.DAT,slot-6 table 200 logical indices 101-123; populated from resources 1301-1323,0,12296,12296,selected at the level boundary; retained for that level,exact
level-8,level,Level 8 - Dungeon / GUARD,mt32,optional-dungeon-row-6,optional,CDUNGEON.DAT,slot-6 table 200 logical indices 127-143; populated from resources 1327-1343,0,8012,8012,selected at the level boundary; retained for that level,exact
level-8,level,Level 8 - Dungeon / GUARD,mt32,surface-gameplay,surface,,runtime-created surface; not stored in a DAT,436,15362,15798,current gameplay or full-screen display state,exact
level-8,level,Level 8 - Dungeon / GUARD,mt32,sound-mt32,sound,MT32SND1.DAT | MT32SND2.DAT | MIDISND1.DAT | MIDISND2.DAT | IBM_SND1.DAT,"MT32SND1 resources 10000-10023, MIDISND1/IBM core fallbacks, then MT32SND2/MIDISND2 optional resources",0,11358,11358,"core sounds persist; title, ending, and event sounds follow state boundaries",exact resource-selected totals; see the Sound Blaster detection caveat
level-9,level,Level 9 - Dungeon / GUARD,pc,sword,permanent,PRINCE.DAT,table 700; image resources 701-734,144,2680,2824,startup anchor; slot 0 remains resident,exact
level-9,level,Level 9 - Dungeon / GUARD,pc,flame-sword-potion,permanent,PRINCE.DAT,table 150; image resources 151-173,192,4416,4608,startup anchor; slot 1 remains resident,exact
level-9,level,Level 9 - Dungeon / GUARD,pc,kid,character,KID.DAT,table 400; image resources 401-619,884,35600,36484,gameplay session; slot 2 remains through pre-level scenes and reunion,exact
level-9,level,Level 9 - Dungeon / GUARD,pc,dungeon,environment,CDUNGEON.DAT,table 200; image resources 201-351,1216,30668,31884,current level family; slot 6,exact
level-9,level,Level 9 - Dungeon / GUARD,pc,dungeon-wall,environment,CDUNGEON.DAT,table 360; image resources 361-364,40,4032,4072,current level family; slot 7,exact
level-9,level,Level 9 - Dungeon / GUARD,pc,guard,character,GUARD.DAT,GUARD.DAT resources 751-784; palette resource 750 is selected from GUARD1.DAT (palace) or GUARD2.DAT (dungeon),144,18504,18648,current level guard family; slot 5,exact
level-9,level,Level 9 - Dungeon / GUARD,pc,optional-dungeon-row-4,optional,CDUNGEON.DAT,slot-6 table 200 logical indices 86-91; populated from resources 1286-1291,0,7572,7572,selected at the level boundary; retained for that level,exact
level-9,level,Level 9 - Dungeon / GUARD,pc,optional-dungeon-row-5,optional,CDUNGEON.DAT,slot-6 table 200 logical indices 101-123; populated from resources 1301-1323,0,12296,12296,selected at the level boundary; retained for that level,exact
level-9,level,Level 9 - Dungeon / GUARD,pc,optional-dungeon-row-6,optional,CDUNGEON.DAT,slot-6 table 200 logical indices 127-143; populated from resources 1327-1343,0,8012,8012,selected at the level boundary; retained for that level,exact
level-9,level,Level 9 - Dungeon / GUARD,pc,surface-gameplay,surface,,runtime-created surface; not stored in a DAT,436,15362,15798,current gameplay or full-screen display state,exact
level-9,level,Level 9 - Dungeon / GUARD,pc,sound-pc,sound,IBM_SND1.DAT | IBM_SND2.DAT,IBM_SND1 resources 10000-10043; selected logical sounds 44-56 use IBM_SND2,0,3952,3952,"core sounds persist; title, ending, and event sounds follow state boundaries",exact resource-selected totals; see the Sound Blaster detection caveat
level-9,level,Level 9 - Dungeon / GUARD,sb,sword,permanent,PRINCE.DAT,table 700; image resources 701-734,144,2680,2824,startup anchor; slot 0 remains resident,exact
level-9,level,Level 9 - Dungeon / GUARD,sb,flame-sword-potion,permanent,PRINCE.DAT,table 150; image resources 151-173,192,4416,4608,startup anchor; slot 1 remains resident,exact
level-9,level,Level 9 - Dungeon / GUARD,sb,kid,character,KID.DAT,table 400; image resources 401-619,884,35600,36484,gameplay session; slot 2 remains through pre-level scenes and reunion,exact
level-9,level,Level 9 - Dungeon / GUARD,sb,dungeon,environment,CDUNGEON.DAT,table 200; image resources 201-351,1216,30668,31884,current level family; slot 6,exact
level-9,level,Level 9 - Dungeon / GUARD,sb,dungeon-wall,environment,CDUNGEON.DAT,table 360; image resources 361-364,40,4032,4072,current level family; slot 7,exact
level-9,level,Level 9 - Dungeon / GUARD,sb,guard,character,GUARD.DAT,GUARD.DAT resources 751-784; palette resource 750 is selected from GUARD1.DAT (palace) or GUARD2.DAT (dungeon),144,18504,18648,current level guard family; slot 5,exact
level-9,level,Level 9 - Dungeon / GUARD,sb,optional-dungeon-row-4,optional,CDUNGEON.DAT,slot-6 table 200 logical indices 86-91; populated from resources 1286-1291,0,7572,7572,selected at the level boundary; retained for that level,exact
level-9,level,Level 9 - Dungeon / GUARD,sb,optional-dungeon-row-5,optional,CDUNGEON.DAT,slot-6 table 200 logical indices 101-123; populated from resources 1301-1323,0,12296,12296,selected at the level boundary; retained for that level,exact
level-9,level,Level 9 - Dungeon / GUARD,sb,optional-dungeon-row-6,optional,CDUNGEON.DAT,slot-6 table 200 logical indices 127-143; populated from resources 1327-1343,0,8012,8012,selected at the level boundary; retained for that level,exact
level-9,level,Level 9 - Dungeon / GUARD,sb,surface-gameplay,surface,,runtime-created surface; not stored in a DAT,436,15362,15798,current gameplay or full-screen display state,exact
level-9,level,Level 9 - Dungeon / GUARD,sb,sound-sb,sound,DIGISND3.DAT | DIGISND1.DAT | DIGISND2.DAT | MIDISND1.DAT | IBM_SND1.DAT,DIGISND3/1 digitized core plus PRINCE resource 1 OPL bank; DIGISND2/MIDISND2 optional resources and MIDI/IBM fallbacks,0,108390,108390,"core sounds persist; title, ending, and event sounds follow state boundaries",exact resource-selected totals; see the Sound Blaster detection caveat
level-9,level,Level 9 - Dungeon / GUARD,mt32,sword,permanent,PRINCE.DAT,table 700; image resources 701-734,144,2680,2824,startup anchor; slot 0 remains resident,exact
level-9,level,Level 9 - Dungeon / GUARD,mt32,flame-sword-potion,permanent,PRINCE.DAT,table 150; image resources 151-173,192,4416,4608,startup anchor; slot 1 remains resident,exact
level-9,level,Level 9 - Dungeon / GUARD,mt32,kid,character,KID.DAT,table 400; image resources 401-619,884,35600,36484,gameplay session; slot 2 remains through pre-level scenes and reunion,exact
level-9,level,Level 9 - Dungeon / GUARD,mt32,dungeon,environment,CDUNGEON.DAT,table 200; image resources 201-351,1216,30668,31884,current level family; slot 6,exact
level-9,level,Level 9 - Dungeon / GUARD,mt32,dungeon-wall,environment,CDUNGEON.DAT,table 360; image resources 361-364,40,4032,4072,current level family; slot 7,exact
level-9,level,Level 9 - Dungeon / GUARD,mt32,guard,character,GUARD.DAT,GUARD.DAT resources 751-784; palette resource 750 is selected from GUARD1.DAT (palace) or GUARD2.DAT (dungeon),144,18504,18648,current level guard family; slot 5,exact
level-9,level,Level 9 - Dungeon / GUARD,mt32,optional-dungeon-row-4,optional,CDUNGEON.DAT,slot-6 table 200 logical indices 86-91; populated from resources 1286-1291,0,7572,7572,selected at the level boundary; retained for that level,exact
level-9,level,Level 9 - Dungeon / GUARD,mt32,optional-dungeon-row-5,optional,CDUNGEON.DAT,slot-6 table 200 logical indices 101-123; populated from resources 1301-1323,0,12296,12296,selected at the level boundary; retained for that level,exact
level-9,level,Level 9 - Dungeon / GUARD,mt32,optional-dungeon-row-6,optional,CDUNGEON.DAT,slot-6 table 200 logical indices 127-143; populated from resources 1327-1343,0,8012,8012,selected at the level boundary; retained for that level,exact
level-9,level,Level 9 - Dungeon / GUARD,mt32,surface-gameplay,surface,,runtime-created surface; not stored in a DAT,436,15362,15798,current gameplay or full-screen display state,exact
level-9,level,Level 9 - Dungeon / GUARD,mt32,sound-mt32,sound,MT32SND1.DAT | MT32SND2.DAT | MIDISND1.DAT | MIDISND2.DAT | IBM_SND1.DAT,"MT32SND1 resources 10000-10023, MIDISND1/IBM core fallbacks, then MT32SND2/MIDISND2 optional resources",0,11222,11222,"core sounds persist; title, ending, and event sounds follow state boundaries",exact resource-selected totals; see the Sound Blaster detection caveat
level-10,level,Level 10 - Palace / GUARD,pc,sword,permanent,PRINCE.DAT,table 700; image resources 701-734,144,2680,2824,startup anchor; slot 0 remains resident,exact
level-10,level,Level 10 - Palace / GUARD,pc,flame-sword-potion,permanent,PRINCE.DAT,table 150; image resources 151-173,192,4416,4608,startup anchor; slot 1 remains resident,exact
level-10,level,Level 10 - Palace / GUARD,pc,kid,character,KID.DAT,table 400; image resources 401-619,884,35600,36484,gameplay session; slot 2 remains through pre-level scenes and reunion,exact
level-10,level,Level 10 - Palace / GUARD,pc,palace,environment,CPALACE.DAT,table 200; image resources 201-351,1216,31404,32620,current level family; slot 6,exact
level-10,level,Level 10 - Palace / GUARD,pc,palace-wall,environment,CPALACE.DAT,table 360; image resources 361-364,40,4032,4072,current level family; slot 7,exact
level-10,level,Level 10 - Palace / GUARD,pc,guard,character,GUARD.DAT,GUARD.DAT resources 751-784; palette resource 750 is selected from GUARD1.DAT (palace) or GUARD2.DAT (dungeon),144,18504,18648,current level guard family; slot 5,exact
level-10,level,Level 10 - Palace / GUARD,pc,optional-palace-row-0,optional,CPALACE.DAT,"slot-6 table 200 logical indices 1-9; populated from resources 1201-1206, 1209",0,8260,8260,selected at the level boundary; retained for that level,exact
level-10,level,Level 10 - Palace / GUARD,pc,optional-palace-row-3,optional,CPALACE.DAT,"slot-6 table 200 logical indices 78-83; populated from resources 1278, 1280-1283",0,6284,6284,selected at the level boundary; retained for that level,exact
level-10,level,Level 10 - Palace / GUARD,pc,optional-palace-row-4,optional,CPALACE.DAT,slot-6 table 200 logical indices 86-91; populated from resources 1286-1291,0,8004,8004,selected at the level boundary; retained for that level,exact
level-10,level,Level 10 - Palace / GUARD,pc,optional-palace-row-5,optional,CPALACE.DAT,slot-6 table 200 logical indices 101-123; populated from resources 1301-1323,0,12296,12296,selected at the level boundary; retained for that level,exact
level-10,level,Level 10 - Palace / GUARD,pc,optional-palace-row-6,optional,CPALACE.DAT,slot-6 table 200 logical indices 127-143; populated from resources 1327-1343,0,8012,8012,selected at the level boundary; retained for that level,exact
level-10,level,Level 10 - Palace / GUARD,pc,surface-gameplay,surface,,runtime-created surface; not stored in a DAT,436,15362,15798,current gameplay or full-screen display state,exact
level-10,level,Level 10 - Palace / GUARD,pc,sound-pc,sound,IBM_SND1.DAT | IBM_SND2.DAT,IBM_SND1 resources 10000-10043; selected logical sounds 44-56 use IBM_SND2,0,3952,3952,"core sounds persist; title, ending, and event sounds follow state boundaries",exact resource-selected totals; see the Sound Blaster detection caveat
level-10,level,Level 10 - Palace / GUARD,sb,sword,permanent,PRINCE.DAT,table 700; image resources 701-734,144,2680,2824,startup anchor; slot 0 remains resident,exact
level-10,level,Level 10 - Palace / GUARD,sb,flame-sword-potion,permanent,PRINCE.DAT,table 150; image resources 151-173,192,4416,4608,startup anchor; slot 1 remains resident,exact
level-10,level,Level 10 - Palace / GUARD,sb,kid,character,KID.DAT,table 400; image resources 401-619,884,35600,36484,gameplay session; slot 2 remains through pre-level scenes and reunion,exact
level-10,level,Level 10 - Palace / GUARD,sb,palace,environment,CPALACE.DAT,table 200; image resources 201-351,1216,31404,32620,current level family; slot 6,exact
level-10,level,Level 10 - Palace / GUARD,sb,palace-wall,environment,CPALACE.DAT,table 360; image resources 361-364,40,4032,4072,current level family; slot 7,exact
level-10,level,Level 10 - Palace / GUARD,sb,guard,character,GUARD.DAT,GUARD.DAT resources 751-784; palette resource 750 is selected from GUARD1.DAT (palace) or GUARD2.DAT (dungeon),144,18504,18648,current level guard family; slot 5,exact
level-10,level,Level 10 - Palace / GUARD,sb,optional-palace-row-0,optional,CPALACE.DAT,"slot-6 table 200 logical indices 1-9; populated from resources 1201-1206, 1209",0,8260,8260,selected at the level boundary; retained for that level,exact
level-10,level,Level 10 - Palace / GUARD,sb,optional-palace-row-3,optional,CPALACE.DAT,"slot-6 table 200 logical indices 78-83; populated from resources 1278, 1280-1283",0,6284,6284,selected at the level boundary; retained for that level,exact
level-10,level,Level 10 - Palace / GUARD,sb,optional-palace-row-4,optional,CPALACE.DAT,slot-6 table 200 logical indices 86-91; populated from resources 1286-1291,0,8004,8004,selected at the level boundary; retained for that level,exact
level-10,level,Level 10 - Palace / GUARD,sb,optional-palace-row-5,optional,CPALACE.DAT,slot-6 table 200 logical indices 101-123; populated from resources 1301-1323,0,12296,12296,selected at the level boundary; retained for that level,exact
level-10,level,Level 10 - Palace / GUARD,sb,optional-palace-row-6,optional,CPALACE.DAT,slot-6 table 200 logical indices 127-143; populated from resources 1327-1343,0,8012,8012,selected at the level boundary; retained for that level,exact
level-10,level,Level 10 - Palace / GUARD,sb,surface-gameplay,surface,,runtime-created surface; not stored in a DAT,436,15362,15798,current gameplay or full-screen display state,exact
level-10,level,Level 10 - Palace / GUARD,sb,sound-sb,sound,DIGISND3.DAT | DIGISND1.DAT | DIGISND2.DAT | MIDISND1.DAT | IBM_SND1.DAT,DIGISND3/1 digitized core plus PRINCE resource 1 OPL bank; DIGISND2/MIDISND2 optional resources and MIDI/IBM fallbacks,0,108390,108390,"core sounds persist; title, ending, and event sounds follow state boundaries",exact resource-selected totals; see the Sound Blaster detection caveat
level-10,level,Level 10 - Palace / GUARD,mt32,sword,permanent,PRINCE.DAT,table 700; image resources 701-734,144,2680,2824,startup anchor; slot 0 remains resident,exact
level-10,level,Level 10 - Palace / GUARD,mt32,flame-sword-potion,permanent,PRINCE.DAT,table 150; image resources 151-173,192,4416,4608,startup anchor; slot 1 remains resident,exact
level-10,level,Level 10 - Palace / GUARD,mt32,kid,character,KID.DAT,table 400; image resources 401-619,884,35600,36484,gameplay session; slot 2 remains through pre-level scenes and reunion,exact
level-10,level,Level 10 - Palace / GUARD,mt32,palace,environment,CPALACE.DAT,table 200; image resources 201-351,1216,31404,32620,current level family; slot 6,exact
level-10,level,Level 10 - Palace / GUARD,mt32,palace-wall,environment,CPALACE.DAT,table 360; image resources 361-364,40,4032,4072,current level family; slot 7,exact
level-10,level,Level 10 - Palace / GUARD,mt32,guard,character,GUARD.DAT,GUARD.DAT resources 751-784; palette resource 750 is selected from GUARD1.DAT (palace) or GUARD2.DAT (dungeon),144,18504,18648,current level guard family; slot 5,exact
level-10,level,Level 10 - Palace / GUARD,mt32,optional-palace-row-0,optional,CPALACE.DAT,"slot-6 table 200 logical indices 1-9; populated from resources 1201-1206, 1209",0,8260,8260,selected at the level boundary; retained for that level,exact
level-10,level,Level 10 - Palace / GUARD,mt32,optional-palace-row-3,optional,CPALACE.DAT,"slot-6 table 200 logical indices 78-83; populated from resources 1278, 1280-1283",0,6284,6284,selected at the level boundary; retained for that level,exact
level-10,level,Level 10 - Palace / GUARD,mt32,optional-palace-row-4,optional,CPALACE.DAT,slot-6 table 200 logical indices 86-91; populated from resources 1286-1291,0,8004,8004,selected at the level boundary; retained for that level,exact
level-10,level,Level 10 - Palace / GUARD,mt32,optional-palace-row-5,optional,CPALACE.DAT,slot-6 table 200 logical indices 101-123; populated from resources 1301-1323,0,12296,12296,selected at the level boundary; retained for that level,exact
level-10,level,Level 10 - Palace / GUARD,mt32,optional-palace-row-6,optional,CPALACE.DAT,slot-6 table 200 logical indices 127-143; populated from resources 1327-1343,0,8012,8012,selected at the level boundary; retained for that level,exact
level-10,level,Level 10 - Palace / GUARD,mt32,surface-gameplay,surface,,runtime-created surface; not stored in a DAT,436,15362,15798,current gameplay or full-screen display state,exact
level-10,level,Level 10 - Palace / GUARD,mt32,sound-mt32,sound,MT32SND1.DAT | MT32SND2.DAT | MIDISND1.DAT | MIDISND2.DAT | IBM_SND1.DAT,"MT32SND1 resources 10000-10023, MIDISND1/IBM core fallbacks, then MT32SND2/MIDISND2 optional resources",0,11222,11222,"core sounds persist; title, ending, and event sounds follow state boundaries",exact resource-selected totals; see the Sound Blaster detection caveat
level-11,level,Level 11 - Palace / GUARD,pc,sword,permanent,PRINCE.DAT,table 700; image resources 701-734,144,2680,2824,startup anchor; slot 0 remains resident,exact
level-11,level,Level 11 - Palace / GUARD,pc,flame-sword-potion,permanent,PRINCE.DAT,table 150; image resources 151-173,192,4416,4608,startup anchor; slot 1 remains resident,exact
level-11,level,Level 11 - Palace / GUARD,pc,kid,character,KID.DAT,table 400; image resources 401-619,884,35600,36484,gameplay session; slot 2 remains through pre-level scenes and reunion,exact
level-11,level,Level 11 - Palace / GUARD,pc,palace,environment,CPALACE.DAT,table 200; image resources 201-351,1216,31404,32620,current level family; slot 6,exact
level-11,level,Level 11 - Palace / GUARD,pc,palace-wall,environment,CPALACE.DAT,table 360; image resources 361-364,40,4032,4072,current level family; slot 7,exact
level-11,level,Level 11 - Palace / GUARD,pc,guard,character,GUARD.DAT,GUARD.DAT resources 751-784; palette resource 750 is selected from GUARD1.DAT (palace) or GUARD2.DAT (dungeon),144,18504,18648,current level guard family; slot 5,exact
level-11,level,Level 11 - Palace / GUARD,pc,optional-palace-row-3,optional,CPALACE.DAT,"slot-6 table 200 logical indices 78-83; populated from resources 1278, 1280-1283",0,6284,6284,selected at the level boundary; retained for that level,exact
level-11,level,Level 11 - Palace / GUARD,pc,optional-palace-row-5,optional,CPALACE.DAT,slot-6 table 200 logical indices 101-123; populated from resources 1301-1323,0,12296,12296,selected at the level boundary; retained for that level,exact
level-11,level,Level 11 - Palace / GUARD,pc,optional-palace-row-6,optional,CPALACE.DAT,slot-6 table 200 logical indices 127-143; populated from resources 1327-1343,0,8012,8012,selected at the level boundary; retained for that level,exact
level-11,level,Level 11 - Palace / GUARD,pc,surface-gameplay,surface,,runtime-created surface; not stored in a DAT,436,15362,15798,current gameplay or full-screen display state,exact
level-11,level,Level 11 - Palace / GUARD,pc,sound-pc,sound,IBM_SND1.DAT | IBM_SND2.DAT,IBM_SND1 resources 10000-10043; selected logical sounds 44-56 use IBM_SND2,0,3952,3952,"core sounds persist; title, ending, and event sounds follow state boundaries",exact resource-selected totals; see the Sound Blaster detection caveat
level-11,level,Level 11 - Palace / GUARD,sb,sword,permanent,PRINCE.DAT,table 700; image resources 701-734,144,2680,2824,startup anchor; slot 0 remains resident,exact
level-11,level,Level 11 - Palace / GUARD,sb,flame-sword-potion,permanent,PRINCE.DAT,table 150; image resources 151-173,192,4416,4608,startup anchor; slot 1 remains resident,exact
level-11,level,Level 11 - Palace / GUARD,sb,kid,character,KID.DAT,table 400; image resources 401-619,884,35600,36484,gameplay session; slot 2 remains through pre-level scenes and reunion,exact
level-11,level,Level 11 - Palace / GUARD,sb,palace,environment,CPALACE.DAT,table 200; image resources 201-351,1216,31404,32620,current level family; slot 6,exact
level-11,level,Level 11 - Palace / GUARD,sb,palace-wall,environment,CPALACE.DAT,table 360; image resources 361-364,40,4032,4072,current level family; slot 7,exact
level-11,level,Level 11 - Palace / GUARD,sb,guard,character,GUARD.DAT,GUARD.DAT resources 751-784; palette resource 750 is selected from GUARD1.DAT (palace) or GUARD2.DAT (dungeon),144,18504,18648,current level guard family; slot 5,exact
level-11,level,Level 11 - Palace / GUARD,sb,optional-palace-row-3,optional,CPALACE.DAT,"slot-6 table 200 logical indices 78-83; populated from resources 1278, 1280-1283",0,6284,6284,selected at the level boundary; retained for that level,exact
level-11,level,Level 11 - Palace / GUARD,sb,optional-palace-row-5,optional,CPALACE.DAT,slot-6 table 200 logical indices 101-123; populated from resources 1301-1323,0,12296,12296,selected at the level boundary; retained for that level,exact
level-11,level,Level 11 - Palace / GUARD,sb,optional-palace-row-6,optional,CPALACE.DAT,slot-6 table 200 logical indices 127-143; populated from resources 1327-1343,0,8012,8012,selected at the level boundary; retained for that level,exact
level-11,level,Level 11 - Palace / GUARD,sb,surface-gameplay,surface,,runtime-created surface; not stored in a DAT,436,15362,15798,current gameplay or full-screen display state,exact
level-11,level,Level 11 - Palace / GUARD,sb,sound-sb,sound,DIGISND3.DAT | DIGISND1.DAT | DIGISND2.DAT | MIDISND1.DAT | IBM_SND1.DAT,DIGISND3/1 digitized core plus PRINCE resource 1 OPL bank; DIGISND2/MIDISND2 optional resources and MIDI/IBM fallbacks,0,108390,108390,"core sounds persist; title, ending, and event sounds follow state boundaries",exact resource-selected totals; see the Sound Blaster detection caveat
level-11,level,Level 11 - Palace / GUARD,mt32,sword,permanent,PRINCE.DAT,table 700; image resources 701-734,144,2680,2824,startup anchor; slot 0 remains resident,exact
level-11,level,Level 11 - Palace / GUARD,mt32,flame-sword-potion,permanent,PRINCE.DAT,table 150; image resources 151-173,192,4416,4608,startup anchor; slot 1 remains resident,exact
level-11,level,Level 11 - Palace / GUARD,mt32,kid,character,KID.DAT,table 400; image resources 401-619,884,35600,36484,gameplay session; slot 2 remains through pre-level scenes and reunion,exact
level-11,level,Level 11 - Palace / GUARD,mt32,palace,environment,CPALACE.DAT,table 200; image resources 201-351,1216,31404,32620,current level family; slot 6,exact
level-11,level,Level 11 - Palace / GUARD,mt32,palace-wall,environment,CPALACE.DAT,table 360; image resources 361-364,40,4032,4072,current level family; slot 7,exact
level-11,level,Level 11 - Palace / GUARD,mt32,guard,character,GUARD.DAT,GUARD.DAT resources 751-784; palette resource 750 is selected from GUARD1.DAT (palace) or GUARD2.DAT (dungeon),144,18504,18648,current level guard family; slot 5,exact
level-11,level,Level 11 - Palace / GUARD,mt32,optional-palace-row-3,optional,CPALACE.DAT,"slot-6 table 200 logical indices 78-83; populated from resources 1278, 1280-1283",0,6284,6284,selected at the level boundary; retained for that level,exact
level-11,level,Level 11 - Palace / GUARD,mt32,optional-palace-row-5,optional,CPALACE.DAT,slot-6 table 200 logical indices 101-123; populated from resources 1301-1323,0,12296,12296,selected at the level boundary; retained for that level,exact
level-11,level,Level 11 - Palace / GUARD,mt32,optional-palace-row-6,optional,CPALACE.DAT,slot-6 table 200 logical indices 127-143; populated from resources 1327-1343,0,8012,8012,selected at the level boundary; retained for that level,exact
level-11,level,Level 11 - Palace / GUARD,mt32,surface-gameplay,surface,,runtime-created surface; not stored in a DAT,436,15362,15798,current gameplay or full-screen display state,exact
level-11,level,Level 11 - Palace / GUARD,mt32,sound-mt32,sound,MT32SND1.DAT | MT32SND2.DAT | MIDISND1.DAT | MIDISND2.DAT | IBM_SND1.DAT,"MT32SND1 resources 10000-10023, MIDISND1/IBM core fallbacks, then MT32SND2/MIDISND2 optional resources",0,11222,11222,"core sounds persist; title, ending, and event sounds follow state boundaries",exact resource-selected totals; see the Sound Blaster detection caveat
level-12,level,Level 12 - Dungeon / SHADOW,pc,sword,permanent,PRINCE.DAT,table 700; image resources 701-734,144,2680,2824,startup anchor; slot 0 remains resident,exact
level-12,level,Level 12 - Dungeon / SHADOW,pc,flame-sword-potion,permanent,PRINCE.DAT,table 150; image resources 151-173,192,4416,4608,startup anchor; slot 1 remains resident,exact
level-12,level,Level 12 - Dungeon / SHADOW,pc,kid,character,KID.DAT,table 400; image resources 401-619,884,35600,36484,gameplay session; slot 2 remains through pre-level scenes and reunion,exact
level-12,level,Level 12 - Dungeon / SHADOW,pc,dungeon,environment,CDUNGEON.DAT,table 200; image resources 201-351,1216,30668,31884,current level family; slot 6,exact
level-12,level,Level 12 - Dungeon / SHADOW,pc,dungeon-wall,environment,CDUNGEON.DAT,table 360; image resources 361-364,40,4032,4072,current level family; slot 7,exact
level-12,level,Level 12 - Dungeon / SHADOW,pc,shadow,character,SHADOW.DAT,table 750; image resources 751-782,136,14948,15084,level 12 guard family; slot 5,exact
level-12,level,Level 12 - Dungeon / SHADOW,pc,optional-dungeon-row-1,optional,CDUNGEON.DAT,slot-6 table 200 logical indices 30-31; populated from resources 1230-1231,0,1188,1188,selected at the level boundary; retained for that level,exact
level-12,level,Level 12 - Dungeon / SHADOW,pc,optional-dungeon-row-4,optional,CDUNGEON.DAT,slot-6 table 200 logical indices 86-91; populated from resources 1286-1291,0,7572,7572,selected at the level boundary; retained for that level,exact
level-12,level,Level 12 - Dungeon / SHADOW,pc,optional-dungeon-row-6,optional,CDUNGEON.DAT,slot-6 table 200 logical indices 127-143; populated from resources 1327-1343,0,8012,8012,selected at the level boundary; retained for that level,exact
level-12,level,Level 12 - Dungeon / SHADOW,pc,surface-gameplay,surface,,runtime-created surface; not stored in a DAT,436,15362,15798,current gameplay or full-screen display state,exact
level-12,level,Level 12 - Dungeon / SHADOW,pc,sound-pc,sound,IBM_SND1.DAT | IBM_SND2.DAT,IBM_SND1 resources 10000-10043; selected logical sounds 44-56 use IBM_SND2,0,3776,3776,"core sounds persist; title, ending, and event sounds follow state boundaries",exact resource-selected totals; see the Sound Blaster detection caveat
level-12,level,Level 12 - Dungeon / SHADOW,sb,sword,permanent,PRINCE.DAT,table 700; image resources 701-734,144,2680,2824,startup anchor; slot 0 remains resident,exact
level-12,level,Level 12 - Dungeon / SHADOW,sb,flame-sword-potion,permanent,PRINCE.DAT,table 150; image resources 151-173,192,4416,4608,startup anchor; slot 1 remains resident,exact
level-12,level,Level 12 - Dungeon / SHADOW,sb,kid,character,KID.DAT,table 400; image resources 401-619,884,35600,36484,gameplay session; slot 2 remains through pre-level scenes and reunion,exact
level-12,level,Level 12 - Dungeon / SHADOW,sb,dungeon,environment,CDUNGEON.DAT,table 200; image resources 201-351,1216,30668,31884,current level family; slot 6,exact
level-12,level,Level 12 - Dungeon / SHADOW,sb,dungeon-wall,environment,CDUNGEON.DAT,table 360; image resources 361-364,40,4032,4072,current level family; slot 7,exact
level-12,level,Level 12 - Dungeon / SHADOW,sb,shadow,character,SHADOW.DAT,table 750; image resources 751-782,136,14948,15084,level 12 guard family; slot 5,exact
level-12,level,Level 12 - Dungeon / SHADOW,sb,optional-dungeon-row-1,optional,CDUNGEON.DAT,slot-6 table 200 logical indices 30-31; populated from resources 1230-1231,0,1188,1188,selected at the level boundary; retained for that level,exact
level-12,level,Level 12 - Dungeon / SHADOW,sb,optional-dungeon-row-4,optional,CDUNGEON.DAT,slot-6 table 200 logical indices 86-91; populated from resources 1286-1291,0,7572,7572,selected at the level boundary; retained for that level,exact
level-12,level,Level 12 - Dungeon / SHADOW,sb,optional-dungeon-row-6,optional,CDUNGEON.DAT,slot-6 table 200 logical indices 127-143; populated from resources 1327-1343,0,8012,8012,selected at the level boundary; retained for that level,exact
level-12,level,Level 12 - Dungeon / SHADOW,sb,surface-gameplay,surface,,runtime-created surface; not stored in a DAT,436,15362,15798,current gameplay or full-screen display state,exact
level-12,level,Level 12 - Dungeon / SHADOW,sb,sound-sb,sound,DIGISND3.DAT | DIGISND1.DAT | DIGISND2.DAT | MIDISND1.DAT | IBM_SND1.DAT,DIGISND3/1 digitized core plus PRINCE resource 1 OPL bank; DIGISND2/MIDISND2 optional resources and MIDI/IBM fallbacks,0,101320,101320,"core sounds persist; title, ending, and event sounds follow state boundaries",exact resource-selected totals; see the Sound Blaster detection caveat
level-12,level,Level 12 - Dungeon / SHADOW,mt32,sword,permanent,PRINCE.DAT,table 700; image resources 701-734,144,2680,2824,startup anchor; slot 0 remains resident,exact
level-12,level,Level 12 - Dungeon / SHADOW,mt32,flame-sword-potion,permanent,PRINCE.DAT,table 150; image resources 151-173,192,4416,4608,startup anchor; slot 1 remains resident,exact
level-12,level,Level 12 - Dungeon / SHADOW,mt32,kid,character,KID.DAT,table 400; image resources 401-619,884,35600,36484,gameplay session; slot 2 remains through pre-level scenes and reunion,exact
level-12,level,Level 12 - Dungeon / SHADOW,mt32,dungeon,environment,CDUNGEON.DAT,table 200; image resources 201-351,1216,30668,31884,current level family; slot 6,exact
level-12,level,Level 12 - Dungeon / SHADOW,mt32,dungeon-wall,environment,CDUNGEON.DAT,table 360; image resources 361-364,40,4032,4072,current level family; slot 7,exact
level-12,level,Level 12 - Dungeon / SHADOW,mt32,shadow,character,SHADOW.DAT,table 750; image resources 751-782,136,14948,15084,level 12 guard family; slot 5,exact
level-12,level,Level 12 - Dungeon / SHADOW,mt32,optional-dungeon-row-1,optional,CDUNGEON.DAT,slot-6 table 200 logical indices 30-31; populated from resources 1230-1231,0,1188,1188,selected at the level boundary; retained for that level,exact
level-12,level,Level 12 - Dungeon / SHADOW,mt32,optional-dungeon-row-4,optional,CDUNGEON.DAT,slot-6 table 200 logical indices 86-91; populated from resources 1286-1291,0,7572,7572,selected at the level boundary; retained for that level,exact
level-12,level,Level 12 - Dungeon / SHADOW,mt32,optional-dungeon-row-6,optional,CDUNGEON.DAT,slot-6 table 200 logical indices 127-143; populated from resources 1327-1343,0,8012,8012,selected at the level boundary; retained for that level,exact
level-12,level,Level 12 - Dungeon / SHADOW,mt32,surface-gameplay,surface,,runtime-created surface; not stored in a DAT,436,15362,15798,current gameplay or full-screen display state,exact
level-12,level,Level 12 - Dungeon / SHADOW,mt32,sound-mt32,sound,MT32SND1.DAT | MT32SND2.DAT | MIDISND1.DAT | MIDISND2.DAT | IBM_SND1.DAT,"MT32SND1 resources 10000-10023, MIDISND1/IBM core fallbacks, then MT32SND2/MIDISND2 optional resources",0,11072,11072,"core sounds persist; title, ending, and event sounds follow state boundaries",exact resource-selected totals; see the Sound Blaster detection caveat
level-13,level,Level 13 - Dungeon / VIZIER,pc,sword,permanent,PRINCE.DAT,table 700; image resources 701-734,144,2680,2824,startup anchor; slot 0 remains resident,exact
level-13,level,Level 13 - Dungeon / VIZIER,pc,flame-sword-potion,permanent,PRINCE.DAT,table 150; image resources 151-173,192,4416,4608,startup anchor; slot 1 remains resident,exact
level-13,level,Level 13 - Dungeon / VIZIER,pc,kid,character,KID.DAT,table 400; image resources 401-619,884,35600,36484,gameplay session; slot 2 remains through pre-level scenes and reunion,exact
level-13,level,Level 13 - Dungeon / VIZIER,pc,dungeon,environment,CDUNGEON.DAT,table 200; image resources 201-351,1216,30668,31884,current level family; slot 6,exact
level-13,level,Level 13 - Dungeon / VIZIER,pc,dungeon-wall,environment,CDUNGEON.DAT,table 360; image resources 361-364,40,4032,4072,current level family; slot 7,exact
level-13,level,Level 13 - Dungeon / VIZIER,pc,vizier,character,VIZIER.DAT,table 750; image resources 751-784,144,17432,17576,level 13 guard family; slot 5,exact
level-13,level,Level 13 - Dungeon / VIZIER,pc,optional-dungeon-row-4,optional,CDUNGEON.DAT,slot-6 table 200 logical indices 86-91; populated from resources 1286-1291,0,7572,7572,selected at the level boundary; retained for that level,exact
level-13,level,Level 13 - Dungeon / VIZIER,pc,surface-gameplay,surface,,runtime-created surface; not stored in a DAT,436,15362,15798,current gameplay or full-screen display state,exact
level-13,level,Level 13 - Dungeon / VIZIER,pc,sound-pc,sound,IBM_SND1.DAT | IBM_SND2.DAT,IBM_SND1 resources 10000-10043; selected logical sounds 44-56 use IBM_SND2,0,3388,3388,"core sounds persist; title, ending, and event sounds follow state boundaries",exact resource-selected totals; see the Sound Blaster detection caveat
level-13,level,Level 13 - Dungeon / VIZIER,sb,sword,permanent,PRINCE.DAT,table 700; image resources 701-734,144,2680,2824,startup anchor; slot 0 remains resident,exact
level-13,level,Level 13 - Dungeon / VIZIER,sb,flame-sword-potion,permanent,PRINCE.DAT,table 150; image resources 151-173,192,4416,4608,startup anchor; slot 1 remains resident,exact
level-13,level,Level 13 - Dungeon / VIZIER,sb,kid,character,KID.DAT,table 400; image resources 401-619,884,35600,36484,gameplay session; slot 2 remains through pre-level scenes and reunion,exact
level-13,level,Level 13 - Dungeon / VIZIER,sb,dungeon,environment,CDUNGEON.DAT,table 200; image resources 201-351,1216,30668,31884,current level family; slot 6,exact
level-13,level,Level 13 - Dungeon / VIZIER,sb,dungeon-wall,environment,CDUNGEON.DAT,table 360; image resources 361-364,40,4032,4072,current level family; slot 7,exact
level-13,level,Level 13 - Dungeon / VIZIER,sb,vizier,character,VIZIER.DAT,table 750; image resources 751-784,144,17432,17576,level 13 guard family; slot 5,exact
level-13,level,Level 13 - Dungeon / VIZIER,sb,optional-dungeon-row-4,optional,CDUNGEON.DAT,slot-6 table 200 logical indices 86-91; populated from resources 1286-1291,0,7572,7572,selected at the level boundary; retained for that level,exact
level-13,level,Level 13 - Dungeon / VIZIER,sb,surface-gameplay,surface,,runtime-created surface; not stored in a DAT,436,15362,15798,current gameplay or full-screen display state,exact
level-13,level,Level 13 - Dungeon / VIZIER,sb,sound-sb,sound,DIGISND3.DAT | DIGISND1.DAT | DIGISND2.DAT | MIDISND1.DAT | IBM_SND1.DAT,DIGISND3/1 digitized core plus PRINCE resource 1 OPL bank; DIGISND2/MIDISND2 optional resources and MIDI/IBM fallbacks,0,89148,89148,"core sounds persist; title, ending, and event sounds follow state boundaries",exact resource-selected totals; see the Sound Blaster detection caveat
level-13,level,Level 13 - Dungeon / VIZIER,mt32,sword,permanent,PRINCE.DAT,table 700; image resources 701-734,144,2680,2824,startup anchor; slot 0 remains resident,exact
level-13,level,Level 13 - Dungeon / VIZIER,mt32,flame-sword-potion,permanent,PRINCE.DAT,table 150; image resources 151-173,192,4416,4608,startup anchor; slot 1 remains resident,exact
level-13,level,Level 13 - Dungeon / VIZIER,mt32,kid,character,KID.DAT,table 400; image resources 401-619,884,35600,36484,gameplay session; slot 2 remains through pre-level scenes and reunion,exact
level-13,level,Level 13 - Dungeon / VIZIER,mt32,dungeon,environment,CDUNGEON.DAT,table 200; image resources 201-351,1216,30668,31884,current level family; slot 6,exact
level-13,level,Level 13 - Dungeon / VIZIER,mt32,dungeon-wall,environment,CDUNGEON.DAT,table 360; image resources 361-364,40,4032,4072,current level family; slot 7,exact
level-13,level,Level 13 - Dungeon / VIZIER,mt32,vizier,character,VIZIER.DAT,table 750; image resources 751-784,144,17432,17576,level 13 guard family; slot 5,exact
level-13,level,Level 13 - Dungeon / VIZIER,mt32,optional-dungeon-row-4,optional,CDUNGEON.DAT,slot-6 table 200 logical indices 86-91; populated from resources 1286-1291,0,7572,7572,selected at the level boundary; retained for that level,exact
level-13,level,Level 13 - Dungeon / VIZIER,mt32,surface-gameplay,surface,,runtime-created surface; not stored in a DAT,436,15362,15798,current gameplay or full-screen display state,exact
level-13,level,Level 13 - Dungeon / VIZIER,mt32,sound-mt32,sound,MT32SND1.DAT | MT32SND2.DAT | MIDISND1.DAT | MIDISND2.DAT | IBM_SND1.DAT,"MT32SND1 resources 10000-10023, MIDISND1/IBM core fallbacks, then MT32SND2/MIDISND2 optional resources",0,10690,10690,"core sounds persist; title, ending, and event sounds follow state boundaries",exact resource-selected totals; see the Sound Blaster detection caveat
level-14,level,Level 14 - Palace / no guard,pc,sword,permanent,PRINCE.DAT,table 700; image resources 701-734,144,2680,2824,startup anchor; slot 0 remains resident,exact
level-14,level,Level 14 - Palace / no guard,pc,flame-sword-potion,permanent,PRINCE.DAT,table 150; image resources 151-173,192,4416,4608,startup anchor; slot 1 remains resident,exact
level-14,level,Level 14 - Palace / no guard,pc,kid,character,KID.DAT,table 400; image resources 401-619,884,35600,36484,gameplay session; slot 2 remains through pre-level scenes and reunion,exact
level-14,level,Level 14 - Palace / no guard,pc,palace,environment,CPALACE.DAT,table 200; image resources 201-351,1216,31404,32620,current level family; slot 6,exact
level-14,level,Level 14 - Palace / no guard,pc,palace-wall,environment,CPALACE.DAT,table 360; image resources 361-364,40,4032,4072,current level family; slot 7,exact
level-14,level,Level 14 - Palace / no guard,pc,optional-palace-row-0,optional,CPALACE.DAT,"slot-6 table 200 logical indices 1-9; populated from resources 1201-1206, 1209",0,8260,8260,selected at the level boundary; retained for that level,exact
level-14,level,Level 14 - Palace / no guard,pc,optional-palace-row-3,optional,CPALACE.DAT,"slot-6 table 200 logical indices 78-83; populated from resources 1278, 1280-1283",0,6284,6284,selected at the level boundary; retained for that level,exact
level-14,level,Level 14 - Palace / no guard,pc,optional-palace-row-7,optional,CPALACE.DAT,slot-6 table 200 logical indices 10-13; populated from resources 1210-1213,0,5168,5168,selected at the level boundary; retained for that level,exact
level-14,level,Level 14 - Palace / no guard,pc,surface-gameplay,surface,,runtime-created surface; not stored in a DAT,436,15362,15798,current gameplay or full-screen display state,exact
level-14,level,Level 14 - Palace / no guard,pc,sound-pc,sound,IBM_SND1.DAT | IBM_SND2.DAT,IBM_SND1 resources 10000-10043; selected logical sounds 44-56 use IBM_SND2,0,3388,3388,"core sounds persist; title, ending, and event sounds follow state boundaries",exact resource-selected totals; see the Sound Blaster detection caveat
level-14,level,Level 14 - Palace / no guard,sb,sword,permanent,PRINCE.DAT,table 700; image resources 701-734,144,2680,2824,startup anchor; slot 0 remains resident,exact
level-14,level,Level 14 - Palace / no guard,sb,flame-sword-potion,permanent,PRINCE.DAT,table 150; image resources 151-173,192,4416,4608,startup anchor; slot 1 remains resident,exact
level-14,level,Level 14 - Palace / no guard,sb,kid,character,KID.DAT,table 400; image resources 401-619,884,35600,36484,gameplay session; slot 2 remains through pre-level scenes and reunion,exact
level-14,level,Level 14 - Palace / no guard,sb,palace,environment,CPALACE.DAT,table 200; image resources 201-351,1216,31404,32620,current level family; slot 6,exact
level-14,level,Level 14 - Palace / no guard,sb,palace-wall,environment,CPALACE.DAT,table 360; image resources 361-364,40,4032,4072,current level family; slot 7,exact
level-14,level,Level 14 - Palace / no guard,sb,optional-palace-row-0,optional,CPALACE.DAT,"slot-6 table 200 logical indices 1-9; populated from resources 1201-1206, 1209",0,8260,8260,selected at the level boundary; retained for that level,exact
level-14,level,Level 14 - Palace / no guard,sb,optional-palace-row-3,optional,CPALACE.DAT,"slot-6 table 200 logical indices 78-83; populated from resources 1278, 1280-1283",0,6284,6284,selected at the level boundary; retained for that level,exact
level-14,level,Level 14 - Palace / no guard,sb,optional-palace-row-7,optional,CPALACE.DAT,slot-6 table 200 logical indices 10-13; populated from resources 1210-1213,0,5168,5168,selected at the level boundary; retained for that level,exact
level-14,level,Level 14 - Palace / no guard,sb,surface-gameplay,surface,,runtime-created surface; not stored in a DAT,436,15362,15798,current gameplay or full-screen display state,exact
level-14,level,Level 14 - Palace / no guard,sb,sound-sb,sound,DIGISND3.DAT | DIGISND1.DAT | DIGISND2.DAT | MIDISND1.DAT | IBM_SND1.DAT,DIGISND3/1 digitized core plus PRINCE resource 1 OPL bank; DIGISND2/MIDISND2 optional resources and MIDI/IBM fallbacks,0,89148,89148,"core sounds persist; title, ending, and event sounds follow state boundaries",exact resource-selected totals; see the Sound Blaster detection caveat
level-14,level,Level 14 - Palace / no guard,mt32,sword,permanent,PRINCE.DAT,table 700; image resources 701-734,144,2680,2824,startup anchor; slot 0 remains resident,exact
level-14,level,Level 14 - Palace / no guard,mt32,flame-sword-potion,permanent,PRINCE.DAT,table 150; image resources 151-173,192,4416,4608,startup anchor; slot 1 remains resident,exact
level-14,level,Level 14 - Palace / no guard,mt32,kid,character,KID.DAT,table 400; image resources 401-619,884,35600,36484,gameplay session; slot 2 remains through pre-level scenes and reunion,exact
level-14,level,Level 14 - Palace / no guard,mt32,palace,environment,CPALACE.DAT,table 200; image resources 201-351,1216,31404,32620,current level family; slot 6,exact
level-14,level,Level 14 - Palace / no guard,mt32,palace-wall,environment,CPALACE.DAT,table 360; image resources 361-364,40,4032,4072,current level family; slot 7,exact
level-14,level,Level 14 - Palace / no guard,mt32,optional-palace-row-0,optional,CPALACE.DAT,"slot-6 table 200 logical indices 1-9; populated from resources 1201-1206, 1209",0,8260,8260,selected at the level boundary; retained for that level,exact
level-14,level,Level 14 - Palace / no guard,mt32,optional-palace-row-3,optional,CPALACE.DAT,"slot-6 table 200 logical indices 78-83; populated from resources 1278, 1280-1283",0,6284,6284,selected at the level boundary; retained for that level,exact
level-14,level,Level 14 - Palace / no guard,mt32,optional-palace-row-7,optional,CPALACE.DAT,slot-6 table 200 logical indices 10-13; populated from resources 1210-1213,0,5168,5168,selected at the level boundary; retained for that level,exact
level-14,level,Level 14 - Palace / no guard,mt32,surface-gameplay,surface,,runtime-created surface; not stored in a DAT,436,15362,15798,current gameplay or full-screen display state,exact
level-14,level,Level 14 - Palace / no guard,mt32,sound-mt32,sound,MT32SND1.DAT | MT32SND2.DAT | MIDISND1.DAT | MIDISND2.DAT | IBM_SND1.DAT,"MT32SND1 resources 10000-10023, MIDISND1/IBM core fallbacks, then MT32SND2/MIDISND2 optional resources",0,10690,10690,"core sounds persist; title, ending, and event sounds follow state boundaries",exact resource-selected totals; see the Sound Blaster detection caveat
level-15,level,Level 15 - Dungeon / no guard,pc,sword,permanent,PRINCE.DAT,table 700; image resources 701-734,144,2680,2824,startup anchor; slot 0 remains resident,exact
level-15,level,Level 15 - Dungeon / no guard,pc,flame-sword-potion,permanent,PRINCE.DAT,table 150; image resources 151-173,192,4416,4608,startup anchor; slot 1 remains resident,exact
level-15,level,Level 15 - Dungeon / no guard,pc,kid,character,KID.DAT,table 400; image resources 401-619,884,35600,36484,gameplay session; slot 2 remains through pre-level scenes and reunion,exact
level-15,level,Level 15 - Dungeon / no guard,pc,dungeon,environment,CDUNGEON.DAT,table 200; image resources 201-351,1216,30668,31884,current level family; slot 6,exact
level-15,level,Level 15 - Dungeon / no guard,pc,dungeon-wall,environment,CDUNGEON.DAT,table 360; image resources 361-364,40,4032,4072,current level family; slot 7,exact
level-15,level,Level 15 - Dungeon / no guard,pc,surface-gameplay,surface,,runtime-created surface; not stored in a DAT,436,15362,15798,current gameplay or full-screen display state,exact
level-15,level,Level 15 - Dungeon / no guard,pc,sound-pc,sound,IBM_SND1.DAT | IBM_SND2.DAT,IBM_SND1 resources 10000-10043; selected logical sounds 44-56 use IBM_SND2,0,3388,3388,"core sounds persist; title, ending, and event sounds follow state boundaries",exact resource-selected totals; see the Sound Blaster detection caveat
level-15,level,Level 15 - Dungeon / no guard,sb,sword,permanent,PRINCE.DAT,table 700; image resources 701-734,144,2680,2824,startup anchor; slot 0 remains resident,exact
level-15,level,Level 15 - Dungeon / no guard,sb,flame-sword-potion,permanent,PRINCE.DAT,table 150; image resources 151-173,192,4416,4608,startup anchor; slot 1 remains resident,exact
level-15,level,Level 15 - Dungeon / no guard,sb,kid,character,KID.DAT,table 400; image resources 401-619,884,35600,36484,gameplay session; slot 2 remains through pre-level scenes and reunion,exact
level-15,level,Level 15 - Dungeon / no guard,sb,dungeon,environment,CDUNGEON.DAT,table 200; image resources 201-351,1216,30668,31884,current level family; slot 6,exact
level-15,level,Level 15 - Dungeon / no guard,sb,dungeon-wall,environment,CDUNGEON.DAT,table 360; image resources 361-364,40,4032,4072,current level family; slot 7,exact
level-15,level,Level 15 - Dungeon / no guard,sb,surface-gameplay,surface,,runtime-created surface; not stored in a DAT,436,15362,15798,current gameplay or full-screen display state,exact
level-15,level,Level 15 - Dungeon / no guard,sb,sound-sb,sound,DIGISND3.DAT | DIGISND1.DAT | DIGISND2.DAT | MIDISND1.DAT | IBM_SND1.DAT,DIGISND3/1 digitized core plus PRINCE resource 1 OPL bank; DIGISND2/MIDISND2 optional resources and MIDI/IBM fallbacks,0,89148,89148,"core sounds persist; title, ending, and event sounds follow state boundaries",exact resource-selected totals; see the Sound Blaster detection caveat
level-15,level,Level 15 - Dungeon / no guard,mt32,sword,permanent,PRINCE.DAT,table 700; image resources 701-734,144,2680,2824,startup anchor; slot 0 remains resident,exact
level-15,level,Level 15 - Dungeon / no guard,mt32,flame-sword-potion,permanent,PRINCE.DAT,table 150; image resources 151-173,192,4416,4608,startup anchor; slot 1 remains resident,exact
level-15,level,Level 15 - Dungeon / no guard,mt32,kid,character,KID.DAT,table 400; image resources 401-619,884,35600,36484,gameplay session; slot 2 remains through pre-level scenes and reunion,exact
level-15,level,Level 15 - Dungeon / no guard,mt32,dungeon,environment,CDUNGEON.DAT,table 200; image resources 201-351,1216,30668,31884,current level family; slot 6,exact
level-15,level,Level 15 - Dungeon / no guard,mt32,dungeon-wall,environment,CDUNGEON.DAT,table 360; image resources 361-364,40,4032,4072,current level family; slot 7,exact
level-15,level,Level 15 - Dungeon / no guard,mt32,surface-gameplay,surface,,runtime-created surface; not stored in a DAT,436,15362,15798,current gameplay or full-screen display state,exact
level-15,level,Level 15 - Dungeon / no guard,mt32,sound-mt32,sound,MT32SND1.DAT | MT32SND2.DAT | MIDISND1.DAT | MIDISND2.DAT | IBM_SND1.DAT,"MT32SND1 resources 10000-10023, MIDISND1/IBM core fallbacks, then MT32SND2/MIDISND2 optional resources",0,10690,10690,"core sounds persist; title, ending, and event sounds follow state boundaries",exact resource-selected totals; see the Sound Blaster detection caveat
scene-opening-title,scene,Opening title/story cards,pc,sword,permanent,PRINCE.DAT,table 700; image resources 701-734,144,2680,2824,startup anchor; slot 0 remains resident,exact
scene-opening-title,scene,Opening title/story cards,pc,flame-sword-potion,permanent,PRINCE.DAT,table 150; image resources 151-173,192,4416,4608,startup anchor; slot 1 remains resident,exact
scene-opening-title,scene,Opening title/story cards,pc,title-40,title,TITLE.DAT,table 40; image resources 41-45,28,11796,11824,title/story or ending display,exact
scene-opening-title,scene,Opening title/story cards,pc,title-50,title,TITLE.DAT,table 50; image resources 51-55,28,24714,24742,title/story or ending display,exact
scene-opening-title,scene,Opening title/story cards,pc,surface-full-screen,surface,,runtime-created surface; not stored in a DAT,452,16002,16454,current gameplay or full-screen display state,exact
scene-opening-title,scene,Opening title/story cards,pc,sound-pc,sound,IBM_SND1.DAT | IBM_SND2.DAT,IBM_SND1 resources 10000-10043; selected logical sounds 44-56 use IBM_SND2,0,4450,4450,"core sounds persist; title, ending, and event sounds follow state boundaries",exact resource-selected totals; see the Sound Blaster detection caveat
scene-opening-title,scene,Opening title/story cards,sb,sword,permanent,PRINCE.DAT,table 700; image resources 701-734,144,2680,2824,startup anchor; slot 0 remains resident,exact
scene-opening-title,scene,Opening title/story cards,sb,flame-sword-potion,permanent,PRINCE.DAT,table 150; image resources 151-173,192,4416,4608,startup anchor; slot 1 remains resident,exact
scene-opening-title,scene,Opening title/story cards,sb,title-40,title,TITLE.DAT,table 40; image resources 41-45,28,11796,11824,title/story or ending display,exact
scene-opening-title,scene,Opening title/story cards,sb,title-50,title,TITLE.DAT,table 50; image resources 51-55,28,24714,24742,title/story or ending display,exact
scene-opening-title,scene,Opening title/story cards,sb,surface-full-screen,surface,,runtime-created surface; not stored in a DAT,452,16002,16454,current gameplay or full-screen display state,exact
scene-opening-title,scene,Opening title/story cards,sb,sound-sb,sound,DIGISND3.DAT | DIGISND1.DAT | DIGISND2.DAT | MIDISND1.DAT | IBM_SND1.DAT,DIGISND3/1 digitized core plus PRINCE resource 1 OPL bank; DIGISND2/MIDISND2 optional resources and MIDI/IBM fallbacks,0,100670,100670,"core sounds persist; title, ending, and event sounds follow state boundaries",exact resource-selected totals; see the Sound Blaster detection caveat
scene-opening-title,scene,Opening title/story cards,mt32,sword,permanent,PRINCE.DAT,table 700; image resources 701-734,144,2680,2824,startup anchor; slot 0 remains resident,exact
scene-opening-title,scene,Opening title/story cards,mt32,flame-sword-potion,permanent,PRINCE.DAT,table 150; image resources 151-173,192,4416,4608,startup anchor; slot 1 remains resident,exact
scene-opening-title,scene,Opening title/story cards,mt32,title-40,title,TITLE.DAT,table 40; image resources 41-45,28,11796,11824,title/story or ending display,exact
scene-opening-title,scene,Opening title/story cards,mt32,title-50,title,TITLE.DAT,table 50; image resources 51-55,28,24714,24742,title/story or ending display,exact
scene-opening-title,scene,Opening title/story cards,mt32,surface-full-screen,surface,,runtime-created surface; not stored in a DAT,452,16002,16454,current gameplay or full-screen display state,exact
scene-opening-title,scene,Opening title/story cards,mt32,sound-mt32,sound,MT32SND1.DAT | MT32SND2.DAT | MIDISND1.DAT | MIDISND2.DAT | IBM_SND1.DAT,"MT32SND1 resources 10000-10023, MIDISND1/IBM core fallbacks, then MT32SND2/MIDISND2 optional resources",0,16316,16316,"core sounds persist; title, ending, and event sounds follow state boundaries",exact resource-selected totals; see the Sound Blaster detection caveat
scene-opening-pv,scene,Opening princess/Jaffar story,pc,sword,permanent,PRINCE.DAT,table 700; image resources 701-734,144,2680,2824,startup anchor; slot 0 remains resident,exact
scene-opening-pv,scene,Opening princess/Jaffar story,pc,flame-sword-potion,permanent,PRINCE.DAT,table 150; image resources 151-173,192,4416,4608,startup anchor; slot 1 remains resident,exact
scene-opening-pv,scene,Opening princess/Jaffar story,pc,pv-950-backdrop-retained,cutscene,PV.DAT,table 950 after freeing the resource 951 image copy; its mask and the remaining image/mask records stay resident,104,36920,37024,PV actor stage; slot 8 backdrop remainder,exact
scene-opening-pv,scene,Opening princess/Jaffar story,pc,pv-800,cutscene,PV.DAT,table 800; image resources 801-817,76,8108,8184,current PV scene; slot 3,exact
scene-opening-pv,scene,Opening princess/Jaffar story,pc,pv-850,cutscene,PV.DAT,table 850; image resources 851-888,160,22084,22244,opening or early PV scene; slot 4,exact
scene-opening-pv,scene,Opening princess/Jaffar story,pc,surface-full-screen,surface,,runtime-created surface; not stored in a DAT,452,16002,16454,current gameplay or full-screen display state,exact
scene-opening-pv,scene,Opening princess/Jaffar story,pc,sound-pc,sound,IBM_SND1.DAT | IBM_SND2.DAT,IBM_SND1 resources 10000-10043; selected logical sounds 44-56 use IBM_SND2,0,4450,4450,"core sounds persist; title, ending, and event sounds follow state boundaries",exact resource-selected totals; see the Sound Blaster detection caveat
scene-opening-pv,scene,Opening princess/Jaffar story,sb,sword,permanent,PRINCE.DAT,table 700; image resources 701-734,144,2680,2824,startup anchor; slot 0 remains resident,exact
scene-opening-pv,scene,Opening princess/Jaffar story,sb,flame-sword-potion,permanent,PRINCE.DAT,table 150; image resources 151-173,192,4416,4608,startup anchor; slot 1 remains resident,exact
scene-opening-pv,scene,Opening princess/Jaffar story,sb,pv-950-backdrop-retained,cutscene,PV.DAT,table 950 after freeing the resource 951 image copy; its mask and the remaining image/mask records stay resident,104,36920,37024,PV actor stage; slot 8 backdrop remainder,exact
scene-opening-pv,scene,Opening princess/Jaffar story,sb,pv-800,cutscene,PV.DAT,table 800; image resources 801-817,76,8108,8184,current PV scene; slot 3,exact
scene-opening-pv,scene,Opening princess/Jaffar story,sb,pv-850,cutscene,PV.DAT,table 850; image resources 851-888,160,22084,22244,opening or early PV scene; slot 4,exact
scene-opening-pv,scene,Opening princess/Jaffar story,sb,surface-full-screen,surface,,runtime-created surface; not stored in a DAT,452,16002,16454,current gameplay or full-screen display state,exact
scene-opening-pv,scene,Opening princess/Jaffar story,sb,sound-sb,sound,DIGISND3.DAT | DIGISND1.DAT | DIGISND2.DAT | MIDISND1.DAT | IBM_SND1.DAT,DIGISND3/1 digitized core plus PRINCE resource 1 OPL bank; DIGISND2/MIDISND2 optional resources and MIDI/IBM fallbacks,0,100670,100670,"core sounds persist; title, ending, and event sounds follow state boundaries",exact resource-selected totals; see the Sound Blaster detection caveat
scene-opening-pv,scene,Opening princess/Jaffar story,mt32,sword,permanent,PRINCE.DAT,table 700; image resources 701-734,144,2680,2824,startup anchor; slot 0 remains resident,exact
scene-opening-pv,scene,Opening princess/Jaffar story,mt32,flame-sword-potion,permanent,PRINCE.DAT,table 150; image resources 151-173,192,4416,4608,startup anchor; slot 1 remains resident,exact
scene-opening-pv,scene,Opening princess/Jaffar story,mt32,pv-950-backdrop-retained,cutscene,PV.DAT,table 950 after freeing the resource 951 image copy; its mask and the remaining image/mask records stay resident,104,36920,37024,PV actor stage; slot 8 backdrop remainder,exact
scene-opening-pv,scene,Opening princess/Jaffar story,mt32,pv-800,cutscene,PV.DAT,table 800; image resources 801-817,76,8108,8184,current PV scene; slot 3,exact
scene-opening-pv,scene,Opening princess/Jaffar story,mt32,pv-850,cutscene,PV.DAT,table 850; image resources 851-888,160,22084,22244,opening or early PV scene; slot 4,exact
scene-opening-pv,scene,Opening princess/Jaffar story,mt32,surface-full-screen,surface,,runtime-created surface; not stored in a DAT,452,16002,16454,current gameplay or full-screen display state,exact
scene-opening-pv,scene,Opening princess/Jaffar story,mt32,sound-mt32,sound,MT32SND1.DAT | MT32SND2.DAT | MIDISND1.DAT | MIDISND2.DAT | IBM_SND1.DAT,"MT32SND1 resources 10000-10023, MIDISND1/IBM core fallbacks, then MT32SND2/MIDISND2 optional resources",0,16316,16316,"core sounds persist; title, ending, and event sounds follow state boundaries",exact resource-selected totals; see the Sound Blaster detection caveat
scene-pre-level-2,scene,Pre-level 2 cutscene,pc,sword,permanent,PRINCE.DAT,table 700; image resources 701-734,144,2680,2824,startup anchor; slot 0 remains resident,exact
scene-pre-level-2,scene,Pre-level 2 cutscene,pc,flame-sword-potion,permanent,PRINCE.DAT,table 150; image resources 151-173,192,4416,4608,startup anchor; slot 1 remains resident,exact
scene-pre-level-2,scene,Pre-level 2 cutscene,pc,kid,character,KID.DAT,table 400; image resources 401-619,884,35600,36484,gameplay session; slot 2 remains through pre-level scenes and reunion,exact
scene-pre-level-2,scene,Pre-level 2 cutscene,pc,pv-950-backdrop-retained,cutscene,PV.DAT,table 950 after freeing the resource 951 image copy; its mask and the remaining image/mask records stay resident,104,36920,37024,PV actor stage; slot 8 backdrop remainder,exact
scene-pre-level-2,scene,Pre-level 2 cutscene,pc,pv-800,cutscene,PV.DAT,table 800; image resources 801-817,76,8108,8184,current PV scene; slot 3,exact
scene-pre-level-2,scene,Pre-level 2 cutscene,pc,pv-850,cutscene,PV.DAT,table 850; image resources 851-888,160,22084,22244,opening or early PV scene; slot 4,exact
scene-pre-level-2,scene,Pre-level 2 cutscene,pc,surface-gameplay,surface,,runtime-created surface; not stored in a DAT,436,15362,15798,current gameplay or full-screen display state,exact
scene-pre-level-2,scene,Pre-level 2 cutscene,pc,sound-pc,sound,IBM_SND1.DAT | IBM_SND2.DAT,IBM_SND1 resources 10000-10043; selected logical sounds 44-56 use IBM_SND2,0,3388,3388,"core sounds persist; title, ending, and event sounds follow state boundaries",exact resource-selected totals; see the Sound Blaster detection caveat
scene-pre-level-2,scene,Pre-level 2 cutscene,sb,sword,permanent,PRINCE.DAT,table 700; image resources 701-734,144,2680,2824,startup anchor; slot 0 remains resident,exact
scene-pre-level-2,scene,Pre-level 2 cutscene,sb,flame-sword-potion,permanent,PRINCE.DAT,table 150; image resources 151-173,192,4416,4608,startup anchor; slot 1 remains resident,exact
scene-pre-level-2,scene,Pre-level 2 cutscene,sb,kid,character,KID.DAT,table 400; image resources 401-619,884,35600,36484,gameplay session; slot 2 remains through pre-level scenes and reunion,exact
scene-pre-level-2,scene,Pre-level 2 cutscene,sb,pv-950-backdrop-retained,cutscene,PV.DAT,table 950 after freeing the resource 951 image copy; its mask and the remaining image/mask records stay resident,104,36920,37024,PV actor stage; slot 8 backdrop remainder,exact
scene-pre-level-2,scene,Pre-level 2 cutscene,sb,pv-800,cutscene,PV.DAT,table 800; image resources 801-817,76,8108,8184,current PV scene; slot 3,exact
scene-pre-level-2,scene,Pre-level 2 cutscene,sb,pv-850,cutscene,PV.DAT,table 850; image resources 851-888,160,22084,22244,opening or early PV scene; slot 4,exact
scene-pre-level-2,scene,Pre-level 2 cutscene,sb,surface-gameplay,surface,,runtime-created surface; not stored in a DAT,436,15362,15798,current gameplay or full-screen display state,exact
scene-pre-level-2,scene,Pre-level 2 cutscene,sb,sound-sb,sound,DIGISND3.DAT | DIGISND1.DAT | DIGISND2.DAT | MIDISND1.DAT | IBM_SND1.DAT,DIGISND3/1 digitized core plus PRINCE resource 1 OPL bank; DIGISND2/MIDISND2 optional resources and MIDI/IBM fallbacks,0,89148,89148,"core sounds persist; title, ending, and event sounds follow state boundaries",exact resource-selected totals; see the Sound Blaster detection caveat
scene-pre-level-2,scene,Pre-level 2 cutscene,mt32,sword,permanent,PRINCE.DAT,table 700; image resources 701-734,144,2680,2824,startup anchor; slot 0 remains resident,exact
scene-pre-level-2,scene,Pre-level 2 cutscene,mt32,flame-sword-potion,permanent,PRINCE.DAT,table 150; image resources 151-173,192,4416,4608,startup anchor; slot 1 remains resident,exact
scene-pre-level-2,scene,Pre-level 2 cutscene,mt32,kid,character,KID.DAT,table 400; image resources 401-619,884,35600,36484,gameplay session; slot 2 remains through pre-level scenes and reunion,exact
scene-pre-level-2,scene,Pre-level 2 cutscene,mt32,pv-950-backdrop-retained,cutscene,PV.DAT,table 950 after freeing the resource 951 image copy; its mask and the remaining image/mask records stay resident,104,36920,37024,PV actor stage; slot 8 backdrop remainder,exact
scene-pre-level-2,scene,Pre-level 2 cutscene,mt32,pv-800,cutscene,PV.DAT,table 800; image resources 801-817,76,8108,8184,current PV scene; slot 3,exact
scene-pre-level-2,scene,Pre-level 2 cutscene,mt32,pv-850,cutscene,PV.DAT,table 850; image resources 851-888,160,22084,22244,opening or early PV scene; slot 4,exact
scene-pre-level-2,scene,Pre-level 2 cutscene,mt32,surface-gameplay,surface,,runtime-created surface; not stored in a DAT,436,15362,15798,current gameplay or full-screen display state,exact
scene-pre-level-2,scene,Pre-level 2 cutscene,mt32,sound-mt32,sound,MT32SND1.DAT | MT32SND2.DAT | MIDISND1.DAT | MIDISND2.DAT | IBM_SND1.DAT,"MT32SND1 resources 10000-10023, MIDISND1/IBM core fallbacks, then MT32SND2/MIDISND2 optional resources",0,10690,10690,"core sounds persist; title, ending, and event sounds follow state boundaries",exact resource-selected totals; see the Sound Blaster detection caveat
scene-pre-level-4,scene,Pre-level 4 cutscene,pc,sword,permanent,PRINCE.DAT,table 700; image resources 701-734,144,2680,2824,startup anchor; slot 0 remains resident,exact
scene-pre-level-4,scene,Pre-level 4 cutscene,pc,flame-sword-potion,permanent,PRINCE.DAT,table 150; image resources 151-173,192,4416,4608,startup anchor; slot 1 remains resident,exact
scene-pre-level-4,scene,Pre-level 4 cutscene,pc,kid,character,KID.DAT,table 400; image resources 401-619,884,35600,36484,gameplay session; slot 2 remains through pre-level scenes and reunion,exact
scene-pre-level-4,scene,Pre-level 4 cutscene,pc,pv-950-backdrop-retained,cutscene,PV.DAT,table 950 after freeing the resource 951 image copy; its mask and the remaining image/mask records stay resident,104,36920,37024,PV actor stage; slot 8 backdrop remainder,exact
scene-pre-level-4,scene,Pre-level 4 cutscene,pc,pv-800,cutscene,PV.DAT,table 800; image resources 801-817,76,8108,8184,current PV scene; slot 3,exact
scene-pre-level-4,scene,Pre-level 4 cutscene,pc,pv-900,cutscene,PV.DAT,table 900; image resources 901-930,128,13828,13956,late PV scene or reunion; slot 4,exact
scene-pre-level-4,scene,Pre-level 4 cutscene,pc,surface-gameplay,surface,,runtime-created surface; not stored in a DAT,436,15362,15798,current gameplay or full-screen display state,exact
scene-pre-level-4,scene,Pre-level 4 cutscene,pc,sound-pc,sound,IBM_SND1.DAT | IBM_SND2.DAT,IBM_SND1 resources 10000-10043; selected logical sounds 44-56 use IBM_SND2,0,3388,3388,"core sounds persist; title, ending, and event sounds follow state boundaries",exact resource-selected totals; see the Sound Blaster detection caveat
scene-pre-level-4,scene,Pre-level 4 cutscene,sb,sword,permanent,PRINCE.DAT,table 700; image resources 701-734,144,2680,2824,startup anchor; slot 0 remains resident,exact
scene-pre-level-4,scene,Pre-level 4 cutscene,sb,flame-sword-potion,permanent,PRINCE.DAT,table 150; image resources 151-173,192,4416,4608,startup anchor; slot 1 remains resident,exact
scene-pre-level-4,scene,Pre-level 4 cutscene,sb,kid,character,KID.DAT,table 400; image resources 401-619,884,35600,36484,gameplay session; slot 2 remains through pre-level scenes and reunion,exact
scene-pre-level-4,scene,Pre-level 4 cutscene,sb,pv-950-backdrop-retained,cutscene,PV.DAT,table 950 after freeing the resource 951 image copy; its mask and the remaining image/mask records stay resident,104,36920,37024,PV actor stage; slot 8 backdrop remainder,exact
scene-pre-level-4,scene,Pre-level 4 cutscene,sb,pv-800,cutscene,PV.DAT,table 800; image resources 801-817,76,8108,8184,current PV scene; slot 3,exact
scene-pre-level-4,scene,Pre-level 4 cutscene,sb,pv-900,cutscene,PV.DAT,table 900; image resources 901-930,128,13828,13956,late PV scene or reunion; slot 4,exact
scene-pre-level-4,scene,Pre-level 4 cutscene,sb,surface-gameplay,surface,,runtime-created surface; not stored in a DAT,436,15362,15798,current gameplay or full-screen display state,exact
scene-pre-level-4,scene,Pre-level 4 cutscene,sb,sound-sb,sound,DIGISND3.DAT | DIGISND1.DAT | DIGISND2.DAT | MIDISND1.DAT | IBM_SND1.DAT,DIGISND3/1 digitized core plus PRINCE resource 1 OPL bank; DIGISND2/MIDISND2 optional resources and MIDI/IBM fallbacks,0,89148,89148,"core sounds persist; title, ending, and event sounds follow state boundaries",exact resource-selected totals; see the Sound Blaster detection caveat
scene-pre-level-4,scene,Pre-level 4 cutscene,mt32,sword,permanent,PRINCE.DAT,table 700; image resources 701-734,144,2680,2824,startup anchor; slot 0 remains resident,exact
scene-pre-level-4,scene,Pre-level 4 cutscene,mt32,flame-sword-potion,permanent,PRINCE.DAT,table 150; image resources 151-173,192,4416,4608,startup anchor; slot 1 remains resident,exact
scene-pre-level-4,scene,Pre-level 4 cutscene,mt32,kid,character,KID.DAT,table 400; image resources 401-619,884,35600,36484,gameplay session; slot 2 remains through pre-level scenes and reunion,exact
scene-pre-level-4,scene,Pre-level 4 cutscene,mt32,pv-950-backdrop-retained,cutscene,PV.DAT,table 950 after freeing the resource 951 image copy; its mask and the remaining image/mask records stay resident,104,36920,37024,PV actor stage; slot 8 backdrop remainder,exact
scene-pre-level-4,scene,Pre-level 4 cutscene,mt32,pv-800,cutscene,PV.DAT,table 800; image resources 801-817,76,8108,8184,current PV scene; slot 3,exact
scene-pre-level-4,scene,Pre-level 4 cutscene,mt32,pv-900,cutscene,PV.DAT,table 900; image resources 901-930,128,13828,13956,late PV scene or reunion; slot 4,exact
scene-pre-level-4,scene,Pre-level 4 cutscene,mt32,surface-gameplay,surface,,runtime-created surface; not stored in a DAT,436,15362,15798,current gameplay or full-screen display state,exact
scene-pre-level-4,scene,Pre-level 4 cutscene,mt32,sound-mt32,sound,MT32SND1.DAT | MT32SND2.DAT | MIDISND1.DAT | MIDISND2.DAT | IBM_SND1.DAT,"MT32SND1 resources 10000-10023, MIDISND1/IBM core fallbacks, then MT32SND2/MIDISND2 optional resources",0,10690,10690,"core sounds persist; title, ending, and event sounds follow state boundaries",exact resource-selected totals; see the Sound Blaster detection caveat
scene-pre-level-6,scene,Pre-level 6 cutscene,pc,sword,permanent,PRINCE.DAT,table 700; image resources 701-734,144,2680,2824,startup anchor; slot 0 remains resident,exact
scene-pre-level-6,scene,Pre-level 6 cutscene,pc,flame-sword-potion,permanent,PRINCE.DAT,table 150; image resources 151-173,192,4416,4608,startup anchor; slot 1 remains resident,exact
scene-pre-level-6,scene,Pre-level 6 cutscene,pc,kid,character,KID.DAT,table 400; image resources 401-619,884,35600,36484,gameplay session; slot 2 remains through pre-level scenes and reunion,exact
scene-pre-level-6,scene,Pre-level 6 cutscene,pc,pv-950-backdrop-retained,cutscene,PV.DAT,table 950 after freeing the resource 951 image copy; its mask and the remaining image/mask records stay resident,104,36920,37024,PV actor stage; slot 8 backdrop remainder,exact
scene-pre-level-6,scene,Pre-level 6 cutscene,pc,pv-800,cutscene,PV.DAT,table 800; image resources 801-817,76,8108,8184,current PV scene; slot 3,exact
scene-pre-level-6,scene,Pre-level 6 cutscene,pc,pv-900,cutscene,PV.DAT,table 900; image resources 901-930,128,13828,13956,late PV scene or reunion; slot 4,exact
scene-pre-level-6,scene,Pre-level 6 cutscene,pc,surface-gameplay,surface,,runtime-created surface; not stored in a DAT,436,15362,15798,current gameplay or full-screen display state,exact
scene-pre-level-6,scene,Pre-level 6 cutscene,pc,sound-pc,sound,IBM_SND1.DAT | IBM_SND2.DAT,IBM_SND1 resources 10000-10043; selected logical sounds 44-56 use IBM_SND2,0,3388,3388,"core sounds persist; title, ending, and event sounds follow state boundaries",exact resource-selected totals; see the Sound Blaster detection caveat
scene-pre-level-6,scene,Pre-level 6 cutscene,sb,sword,permanent,PRINCE.DAT,table 700; image resources 701-734,144,2680,2824,startup anchor; slot 0 remains resident,exact
scene-pre-level-6,scene,Pre-level 6 cutscene,sb,flame-sword-potion,permanent,PRINCE.DAT,table 150; image resources 151-173,192,4416,4608,startup anchor; slot 1 remains resident,exact
scene-pre-level-6,scene,Pre-level 6 cutscene,sb,kid,character,KID.DAT,table 400; image resources 401-619,884,35600,36484,gameplay session; slot 2 remains through pre-level scenes and reunion,exact
scene-pre-level-6,scene,Pre-level 6 cutscene,sb,pv-950-backdrop-retained,cutscene,PV.DAT,table 950 after freeing the resource 951 image copy; its mask and the remaining image/mask records stay resident,104,36920,37024,PV actor stage; slot 8 backdrop remainder,exact
scene-pre-level-6,scene,Pre-level 6 cutscene,sb,pv-800,cutscene,PV.DAT,table 800; image resources 801-817,76,8108,8184,current PV scene; slot 3,exact
scene-pre-level-6,scene,Pre-level 6 cutscene,sb,pv-900,cutscene,PV.DAT,table 900; image resources 901-930,128,13828,13956,late PV scene or reunion; slot 4,exact
scene-pre-level-6,scene,Pre-level 6 cutscene,sb,surface-gameplay,surface,,runtime-created surface; not stored in a DAT,436,15362,15798,current gameplay or full-screen display state,exact
scene-pre-level-6,scene,Pre-level 6 cutscene,sb,sound-sb,sound,DIGISND3.DAT | DIGISND1.DAT | DIGISND2.DAT | MIDISND1.DAT | IBM_SND1.DAT,DIGISND3/1 digitized core plus PRINCE resource 1 OPL bank; DIGISND2/MIDISND2 optional resources and MIDI/IBM fallbacks,0,89148,89148,"core sounds persist; title, ending, and event sounds follow state boundaries",exact resource-selected totals; see the Sound Blaster detection caveat
scene-pre-level-6,scene,Pre-level 6 cutscene,mt32,sword,permanent,PRINCE.DAT,table 700; image resources 701-734,144,2680,2824,startup anchor; slot 0 remains resident,exact
scene-pre-level-6,scene,Pre-level 6 cutscene,mt32,flame-sword-potion,permanent,PRINCE.DAT,table 150; image resources 151-173,192,4416,4608,startup anchor; slot 1 remains resident,exact
scene-pre-level-6,scene,Pre-level 6 cutscene,mt32,kid,character,KID.DAT,table 400; image resources 401-619,884,35600,36484,gameplay session; slot 2 remains through pre-level scenes and reunion,exact
scene-pre-level-6,scene,Pre-level 6 cutscene,mt32,pv-950-backdrop-retained,cutscene,PV.DAT,table 950 after freeing the resource 951 image copy; its mask and the remaining image/mask records stay resident,104,36920,37024,PV actor stage; slot 8 backdrop remainder,exact
scene-pre-level-6,scene,Pre-level 6 cutscene,mt32,pv-800,cutscene,PV.DAT,table 800; image resources 801-817,76,8108,8184,current PV scene; slot 3,exact
scene-pre-level-6,scene,Pre-level 6 cutscene,mt32,pv-900,cutscene,PV.DAT,table 900; image resources 901-930,128,13828,13956,late PV scene or reunion; slot 4,exact
scene-pre-level-6,scene,Pre-level 6 cutscene,mt32,surface-gameplay,surface,,runtime-created surface; not stored in a DAT,436,15362,15798,current gameplay or full-screen display state,exact
scene-pre-level-6,scene,Pre-level 6 cutscene,mt32,sound-mt32,sound,MT32SND1.DAT | MT32SND2.DAT | MIDISND1.DAT | MIDISND2.DAT | IBM_SND1.DAT,"MT32SND1 resources 10000-10023, MIDISND1/IBM core fallbacks, then MT32SND2/MIDISND2 optional resources",0,10690,10690,"core sounds persist; title, ending, and event sounds follow state boundaries",exact resource-selected totals; see the Sound Blaster detection caveat
scene-pre-level-8,scene,Pre-level 8 cutscene,pc,sword,permanent,PRINCE.DAT,table 700; image resources 701-734,144,2680,2824,startup anchor; slot 0 remains resident,exact
scene-pre-level-8,scene,Pre-level 8 cutscene,pc,flame-sword-potion,permanent,PRINCE.DAT,table 150; image resources 151-173,192,4416,4608,startup anchor; slot 1 remains resident,exact
scene-pre-level-8,scene,Pre-level 8 cutscene,pc,kid,character,KID.DAT,table 400; image resources 401-619,884,35600,36484,gameplay session; slot 2 remains through pre-level scenes and reunion,exact
scene-pre-level-8,scene,Pre-level 8 cutscene,pc,pv-950-backdrop-retained,cutscene,PV.DAT,table 950 after freeing the resource 951 image copy; its mask and the remaining image/mask records stay resident,104,36920,37024,PV actor stage; slot 8 backdrop remainder,exact
scene-pre-level-8,scene,Pre-level 8 cutscene,pc,pv-800,cutscene,PV.DAT,table 800; image resources 801-817,76,8108,8184,current PV scene; slot 3,exact
scene-pre-level-8,scene,Pre-level 8 cutscene,pc,pv-900,cutscene,PV.DAT,table 900; image resources 901-930,128,13828,13956,late PV scene or reunion; slot 4,exact
scene-pre-level-8,scene,Pre-level 8 cutscene,pc,surface-gameplay,surface,,runtime-created surface; not stored in a DAT,436,15362,15798,current gameplay or full-screen display state,exact
scene-pre-level-8,scene,Pre-level 8 cutscene,pc,sound-pc,sound,IBM_SND1.DAT | IBM_SND2.DAT,IBM_SND1 resources 10000-10043; selected logical sounds 44-56 use IBM_SND2,0,3388,3388,"core sounds persist; title, ending, and event sounds follow state boundaries",exact resource-selected totals; see the Sound Blaster detection caveat
scene-pre-level-8,scene,Pre-level 8 cutscene,sb,sword,permanent,PRINCE.DAT,table 700; image resources 701-734,144,2680,2824,startup anchor; slot 0 remains resident,exact
scene-pre-level-8,scene,Pre-level 8 cutscene,sb,flame-sword-potion,permanent,PRINCE.DAT,table 150; image resources 151-173,192,4416,4608,startup anchor; slot 1 remains resident,exact
scene-pre-level-8,scene,Pre-level 8 cutscene,sb,kid,character,KID.DAT,table 400; image resources 401-619,884,35600,36484,gameplay session; slot 2 remains through pre-level scenes and reunion,exact
scene-pre-level-8,scene,Pre-level 8 cutscene,sb,pv-950-backdrop-retained,cutscene,PV.DAT,table 950 after freeing the resource 951 image copy; its mask and the remaining image/mask records stay resident,104,36920,37024,PV actor stage; slot 8 backdrop remainder,exact
scene-pre-level-8,scene,Pre-level 8 cutscene,sb,pv-800,cutscene,PV.DAT,table 800; image resources 801-817,76,8108,8184,current PV scene; slot 3,exact
scene-pre-level-8,scene,Pre-level 8 cutscene,sb,pv-900,cutscene,PV.DAT,table 900; image resources 901-930,128,13828,13956,late PV scene or reunion; slot 4,exact
scene-pre-level-8,scene,Pre-level 8 cutscene,sb,surface-gameplay,surface,,runtime-created surface; not stored in a DAT,436,15362,15798,current gameplay or full-screen display state,exact
scene-pre-level-8,scene,Pre-level 8 cutscene,sb,sound-sb,sound,DIGISND3.DAT | DIGISND1.DAT | DIGISND2.DAT | MIDISND1.DAT | IBM_SND1.DAT,DIGISND3/1 digitized core plus PRINCE resource 1 OPL bank; DIGISND2/MIDISND2 optional resources and MIDI/IBM fallbacks,0,89148,89148,"core sounds persist; title, ending, and event sounds follow state boundaries",exact resource-selected totals; see the Sound Blaster detection caveat
scene-pre-level-8,scene,Pre-level 8 cutscene,mt32,sword,permanent,PRINCE.DAT,table 700; image resources 701-734,144,2680,2824,startup anchor; slot 0 remains resident,exact
scene-pre-level-8,scene,Pre-level 8 cutscene,mt32,flame-sword-potion,permanent,PRINCE.DAT,table 150; image resources 151-173,192,4416,4608,startup anchor; slot 1 remains resident,exact
scene-pre-level-8,scene,Pre-level 8 cutscene,mt32,kid,character,KID.DAT,table 400; image resources 401-619,884,35600,36484,gameplay session; slot 2 remains through pre-level scenes and reunion,exact
scene-pre-level-8,scene,Pre-level 8 cutscene,mt32,pv-950-backdrop-retained,cutscene,PV.DAT,table 950 after freeing the resource 951 image copy; its mask and the remaining image/mask records stay resident,104,36920,37024,PV actor stage; slot 8 backdrop remainder,exact
scene-pre-level-8,scene,Pre-level 8 cutscene,mt32,pv-800,cutscene,PV.DAT,table 800; image resources 801-817,76,8108,8184,current PV scene; slot 3,exact
scene-pre-level-8,scene,Pre-level 8 cutscene,mt32,pv-900,cutscene,PV.DAT,table 900; image resources 901-930,128,13828,13956,late PV scene or reunion; slot 4,exact
scene-pre-level-8,scene,Pre-level 8 cutscene,mt32,surface-gameplay,surface,,runtime-created surface; not stored in a DAT,436,15362,15798,current gameplay or full-screen display state,exact
scene-pre-level-8,scene,Pre-level 8 cutscene,mt32,sound-mt32,sound,MT32SND1.DAT | MT32SND2.DAT | MIDISND1.DAT | MIDISND2.DAT | IBM_SND1.DAT,"MT32SND1 resources 10000-10023, MIDISND1/IBM core fallbacks, then MT32SND2/MIDISND2 optional resources",0,10690,10690,"core sounds persist; title, ending, and event sounds follow state boundaries",exact resource-selected totals; see the Sound Blaster detection caveat
scene-pre-level-9,scene,Pre-level 9 cutscene,pc,sword,permanent,PRINCE.DAT,table 700; image resources 701-734,144,2680,2824,startup anchor; slot 0 remains resident,exact
scene-pre-level-9,scene,Pre-level 9 cutscene,pc,flame-sword-potion,permanent,PRINCE.DAT,table 150; image resources 151-173,192,4416,4608,startup anchor; slot 1 remains resident,exact
scene-pre-level-9,scene,Pre-level 9 cutscene,pc,kid,character,KID.DAT,table 400; image resources 401-619,884,35600,36484,gameplay session; slot 2 remains through pre-level scenes and reunion,exact
scene-pre-level-9,scene,Pre-level 9 cutscene,pc,pv-950-backdrop-retained,cutscene,PV.DAT,table 950 after freeing the resource 951 image copy; its mask and the remaining image/mask records stay resident,104,36920,37024,PV actor stage; slot 8 backdrop remainder,exact
scene-pre-level-9,scene,Pre-level 9 cutscene,pc,pv-800,cutscene,PV.DAT,table 800; image resources 801-817,76,8108,8184,current PV scene; slot 3,exact
scene-pre-level-9,scene,Pre-level 9 cutscene,pc,pv-900,cutscene,PV.DAT,table 900; image resources 901-930,128,13828,13956,late PV scene or reunion; slot 4,exact
scene-pre-level-9,scene,Pre-level 9 cutscene,pc,surface-gameplay,surface,,runtime-created surface; not stored in a DAT,436,15362,15798,current gameplay or full-screen display state,exact
scene-pre-level-9,scene,Pre-level 9 cutscene,pc,sound-pc,sound,IBM_SND1.DAT | IBM_SND2.DAT,IBM_SND1 resources 10000-10043; selected logical sounds 44-56 use IBM_SND2,0,3388,3388,"core sounds persist; title, ending, and event sounds follow state boundaries",exact resource-selected totals; see the Sound Blaster detection caveat
scene-pre-level-9,scene,Pre-level 9 cutscene,sb,sword,permanent,PRINCE.DAT,table 700; image resources 701-734,144,2680,2824,startup anchor; slot 0 remains resident,exact
scene-pre-level-9,scene,Pre-level 9 cutscene,sb,flame-sword-potion,permanent,PRINCE.DAT,table 150; image resources 151-173,192,4416,4608,startup anchor; slot 1 remains resident,exact
scene-pre-level-9,scene,Pre-level 9 cutscene,sb,kid,character,KID.DAT,table 400; image resources 401-619,884,35600,36484,gameplay session; slot 2 remains through pre-level scenes and reunion,exact
scene-pre-level-9,scene,Pre-level 9 cutscene,sb,pv-950-backdrop-retained,cutscene,PV.DAT,table 950 after freeing the resource 951 image copy; its mask and the remaining image/mask records stay resident,104,36920,37024,PV actor stage; slot 8 backdrop remainder,exact
scene-pre-level-9,scene,Pre-level 9 cutscene,sb,pv-800,cutscene,PV.DAT,table 800; image resources 801-817,76,8108,8184,current PV scene; slot 3,exact
scene-pre-level-9,scene,Pre-level 9 cutscene,sb,pv-900,cutscene,PV.DAT,table 900; image resources 901-930,128,13828,13956,late PV scene or reunion; slot 4,exact
scene-pre-level-9,scene,Pre-level 9 cutscene,sb,surface-gameplay,surface,,runtime-created surface; not stored in a DAT,436,15362,15798,current gameplay or full-screen display state,exact
scene-pre-level-9,scene,Pre-level 9 cutscene,sb,sound-sb,sound,DIGISND3.DAT | DIGISND1.DAT | DIGISND2.DAT | MIDISND1.DAT | IBM_SND1.DAT,DIGISND3/1 digitized core plus PRINCE resource 1 OPL bank; DIGISND2/MIDISND2 optional resources and MIDI/IBM fallbacks,0,89148,89148,"core sounds persist; title, ending, and event sounds follow state boundaries",exact resource-selected totals; see the Sound Blaster detection caveat
scene-pre-level-9,scene,Pre-level 9 cutscene,mt32,sword,permanent,PRINCE.DAT,table 700; image resources 701-734,144,2680,2824,startup anchor; slot 0 remains resident,exact
scene-pre-level-9,scene,Pre-level 9 cutscene,mt32,flame-sword-potion,permanent,PRINCE.DAT,table 150; image resources 151-173,192,4416,4608,startup anchor; slot 1 remains resident,exact
scene-pre-level-9,scene,Pre-level 9 cutscene,mt32,kid,character,KID.DAT,table 400; image resources 401-619,884,35600,36484,gameplay session; slot 2 remains through pre-level scenes and reunion,exact
scene-pre-level-9,scene,Pre-level 9 cutscene,mt32,pv-950-backdrop-retained,cutscene,PV.DAT,table 950 after freeing the resource 951 image copy; its mask and the remaining image/mask records stay resident,104,36920,37024,PV actor stage; slot 8 backdrop remainder,exact
scene-pre-level-9,scene,Pre-level 9 cutscene,mt32,pv-800,cutscene,PV.DAT,table 800; image resources 801-817,76,8108,8184,current PV scene; slot 3,exact
scene-pre-level-9,scene,Pre-level 9 cutscene,mt32,pv-900,cutscene,PV.DAT,table 900; image resources 901-930,128,13828,13956,late PV scene or reunion; slot 4,exact
scene-pre-level-9,scene,Pre-level 9 cutscene,mt32,surface-gameplay,surface,,runtime-created surface; not stored in a DAT,436,15362,15798,current gameplay or full-screen display state,exact
scene-pre-level-9,scene,Pre-level 9 cutscene,mt32,sound-mt32,sound,MT32SND1.DAT | MT32SND2.DAT | MIDISND1.DAT | MIDISND2.DAT | IBM_SND1.DAT,"MT32SND1 resources 10000-10023, MIDISND1/IBM core fallbacks, then MT32SND2/MIDISND2 optional resources",0,10690,10690,"core sounds persist; title, ending, and event sounds follow state boundaries",exact resource-selected totals; see the Sound Blaster detection caveat
scene-pre-level-12,scene,Pre-level 12 cutscene,pc,sword,permanent,PRINCE.DAT,table 700; image resources 701-734,144,2680,2824,startup anchor; slot 0 remains resident,exact
scene-pre-level-12,scene,Pre-level 12 cutscene,pc,flame-sword-potion,permanent,PRINCE.DAT,table 150; image resources 151-173,192,4416,4608,startup anchor; slot 1 remains resident,exact
scene-pre-level-12,scene,Pre-level 12 cutscene,pc,kid,character,KID.DAT,table 400; image resources 401-619,884,35600,36484,gameplay session; slot 2 remains through pre-level scenes and reunion,exact
scene-pre-level-12,scene,Pre-level 12 cutscene,pc,pv-950-backdrop-retained,cutscene,PV.DAT,table 950 after freeing the resource 951 image copy; its mask and the remaining image/mask records stay resident,104,36920,37024,PV actor stage; slot 8 backdrop remainder,exact
scene-pre-level-12,scene,Pre-level 12 cutscene,pc,pv-800,cutscene,PV.DAT,table 800; image resources 801-817,76,8108,8184,current PV scene; slot 3,exact
scene-pre-level-12,scene,Pre-level 12 cutscene,pc,pv-900,cutscene,PV.DAT,table 900; image resources 901-930,128,13828,13956,late PV scene or reunion; slot 4,exact
scene-pre-level-12,scene,Pre-level 12 cutscene,pc,surface-gameplay,surface,,runtime-created surface; not stored in a DAT,436,15362,15798,current gameplay or full-screen display state,exact
scene-pre-level-12,scene,Pre-level 12 cutscene,pc,sound-pc,sound,IBM_SND1.DAT | IBM_SND2.DAT,IBM_SND1 resources 10000-10043; selected logical sounds 44-56 use IBM_SND2,0,3388,3388,"core sounds persist; title, ending, and event sounds follow state boundaries",exact resource-selected totals; see the Sound Blaster detection caveat
scene-pre-level-12,scene,Pre-level 12 cutscene,sb,sword,permanent,PRINCE.DAT,table 700; image resources 701-734,144,2680,2824,startup anchor; slot 0 remains resident,exact
scene-pre-level-12,scene,Pre-level 12 cutscene,sb,flame-sword-potion,permanent,PRINCE.DAT,table 150; image resources 151-173,192,4416,4608,startup anchor; slot 1 remains resident,exact
scene-pre-level-12,scene,Pre-level 12 cutscene,sb,kid,character,KID.DAT,table 400; image resources 401-619,884,35600,36484,gameplay session; slot 2 remains through pre-level scenes and reunion,exact
scene-pre-level-12,scene,Pre-level 12 cutscene,sb,pv-950-backdrop-retained,cutscene,PV.DAT,table 950 after freeing the resource 951 image copy; its mask and the remaining image/mask records stay resident,104,36920,37024,PV actor stage; slot 8 backdrop remainder,exact
scene-pre-level-12,scene,Pre-level 12 cutscene,sb,pv-800,cutscene,PV.DAT,table 800; image resources 801-817,76,8108,8184,current PV scene; slot 3,exact
scene-pre-level-12,scene,Pre-level 12 cutscene,sb,pv-900,cutscene,PV.DAT,table 900; image resources 901-930,128,13828,13956,late PV scene or reunion; slot 4,exact
scene-pre-level-12,scene,Pre-level 12 cutscene,sb,surface-gameplay,surface,,runtime-created surface; not stored in a DAT,436,15362,15798,current gameplay or full-screen display state,exact
scene-pre-level-12,scene,Pre-level 12 cutscene,sb,sound-sb,sound,DIGISND3.DAT | DIGISND1.DAT | DIGISND2.DAT | MIDISND1.DAT | IBM_SND1.DAT,DIGISND3/1 digitized core plus PRINCE resource 1 OPL bank; DIGISND2/MIDISND2 optional resources and MIDI/IBM fallbacks,0,89148,89148,"core sounds persist; title, ending, and event sounds follow state boundaries",exact resource-selected totals; see the Sound Blaster detection caveat
scene-pre-level-12,scene,Pre-level 12 cutscene,mt32,sword,permanent,PRINCE.DAT,table 700; image resources 701-734,144,2680,2824,startup anchor; slot 0 remains resident,exact
scene-pre-level-12,scene,Pre-level 12 cutscene,mt32,flame-sword-potion,permanent,PRINCE.DAT,table 150; image resources 151-173,192,4416,4608,startup anchor; slot 1 remains resident,exact
scene-pre-level-12,scene,Pre-level 12 cutscene,mt32,kid,character,KID.DAT,table 400; image resources 401-619,884,35600,36484,gameplay session; slot 2 remains through pre-level scenes and reunion,exact
scene-pre-level-12,scene,Pre-level 12 cutscene,mt32,pv-950-backdrop-retained,cutscene,PV.DAT,table 950 after freeing the resource 951 image copy; its mask and the remaining image/mask records stay resident,104,36920,37024,PV actor stage; slot 8 backdrop remainder,exact
scene-pre-level-12,scene,Pre-level 12 cutscene,mt32,pv-800,cutscene,PV.DAT,table 800; image resources 801-817,76,8108,8184,current PV scene; slot 3,exact
scene-pre-level-12,scene,Pre-level 12 cutscene,mt32,pv-900,cutscene,PV.DAT,table 900; image resources 901-930,128,13828,13956,late PV scene or reunion; slot 4,exact
scene-pre-level-12,scene,Pre-level 12 cutscene,mt32,surface-gameplay,surface,,runtime-created surface; not stored in a DAT,436,15362,15798,current gameplay or full-screen display state,exact
scene-pre-level-12,scene,Pre-level 12 cutscene,mt32,sound-mt32,sound,MT32SND1.DAT | MT32SND2.DAT | MIDISND1.DAT | MIDISND2.DAT | IBM_SND1.DAT,"MT32SND1 resources 10000-10023, MIDISND1/IBM core fallbacks, then MT32SND2/MIDISND2 optional resources",0,10690,10690,"core sounds persist; title, ending, and event sounds follow state boundaries",exact resource-selected totals; see the Sound Blaster detection caveat
scene-ending-reunion,scene,Level 14 reunion animation,pc,sword,permanent,PRINCE.DAT,table 700; image resources 701-734,144,2680,2824,startup anchor; slot 0 remains resident,exact
scene-ending-reunion,scene,Level 14 reunion animation,pc,flame-sword-potion,permanent,PRINCE.DAT,table 150; image resources 151-173,192,4416,4608,startup anchor; slot 1 remains resident,exact
scene-ending-reunion,scene,Level 14 reunion animation,pc,kid,character,KID.DAT,table 400; image resources 401-619,884,35600,36484,gameplay session; slot 2 remains through pre-level scenes and reunion,exact
scene-ending-reunion,scene,Level 14 reunion animation,pc,pv-950-backdrop-retained,cutscene,PV.DAT,table 950 after freeing the resource 951 image copy; its mask and the remaining image/mask records stay resident,104,36920,37024,PV actor stage; slot 8 backdrop remainder,exact
scene-ending-reunion,scene,Level 14 reunion animation,pc,pv-800,cutscene,PV.DAT,table 800; image resources 801-817,76,8108,8184,current PV scene; slot 3,exact
scene-ending-reunion,scene,Level 14 reunion animation,pc,pv-900,cutscene,PV.DAT,table 900; image resources 901-930,128,13828,13956,late PV scene or reunion; slot 4,exact
scene-ending-reunion,scene,Level 14 reunion animation,pc,surface-gameplay,surface,,runtime-created surface; not stored in a DAT,436,15362,15798,current gameplay or full-screen display state,exact
scene-ending-reunion,scene,Level 14 reunion animation,pc,sound-pc,sound,IBM_SND1.DAT | IBM_SND2.DAT,IBM_SND1 resources 10000-10043; selected logical sounds 44-56 use IBM_SND2,0,3388,3388,"core sounds persist; title, ending, and event sounds follow state boundaries",exact resource-selected totals; see the Sound Blaster detection caveat
scene-ending-reunion,scene,Level 14 reunion animation,sb,sword,permanent,PRINCE.DAT,table 700; image resources 701-734,144,2680,2824,startup anchor; slot 0 remains resident,exact
scene-ending-reunion,scene,Level 14 reunion animation,sb,flame-sword-potion,permanent,PRINCE.DAT,table 150; image resources 151-173,192,4416,4608,startup anchor; slot 1 remains resident,exact
scene-ending-reunion,scene,Level 14 reunion animation,sb,kid,character,KID.DAT,table 400; image resources 401-619,884,35600,36484,gameplay session; slot 2 remains through pre-level scenes and reunion,exact
scene-ending-reunion,scene,Level 14 reunion animation,sb,pv-950-backdrop-retained,cutscene,PV.DAT,table 950 after freeing the resource 951 image copy; its mask and the remaining image/mask records stay resident,104,36920,37024,PV actor stage; slot 8 backdrop remainder,exact
scene-ending-reunion,scene,Level 14 reunion animation,sb,pv-800,cutscene,PV.DAT,table 800; image resources 801-817,76,8108,8184,current PV scene; slot 3,exact
scene-ending-reunion,scene,Level 14 reunion animation,sb,pv-900,cutscene,PV.DAT,table 900; image resources 901-930,128,13828,13956,late PV scene or reunion; slot 4,exact
scene-ending-reunion,scene,Level 14 reunion animation,sb,surface-gameplay,surface,,runtime-created surface; not stored in a DAT,436,15362,15798,current gameplay or full-screen display state,exact
scene-ending-reunion,scene,Level 14 reunion animation,sb,sound-sb,sound,DIGISND3.DAT | DIGISND1.DAT | DIGISND2.DAT | MIDISND1.DAT | IBM_SND1.DAT,DIGISND3/1 digitized core plus PRINCE resource 1 OPL bank; DIGISND2/MIDISND2 optional resources and MIDI/IBM fallbacks,0,89148,89148,"core sounds persist; title, ending, and event sounds follow state boundaries",exact resource-selected totals; see the Sound Blaster detection caveat
scene-ending-reunion,scene,Level 14 reunion animation,mt32,sword,permanent,PRINCE.DAT,table 700; image resources 701-734,144,2680,2824,startup anchor; slot 0 remains resident,exact
scene-ending-reunion,scene,Level 14 reunion animation,mt32,flame-sword-potion,permanent,PRINCE.DAT,table 150; image resources 151-173,192,4416,4608,startup anchor; slot 1 remains resident,exact
scene-ending-reunion,scene,Level 14 reunion animation,mt32,kid,character,KID.DAT,table 400; image resources 401-619,884,35600,36484,gameplay session; slot 2 remains through pre-level scenes and reunion,exact
scene-ending-reunion,scene,Level 14 reunion animation,mt32,pv-950-backdrop-retained,cutscene,PV.DAT,table 950 after freeing the resource 951 image copy; its mask and the remaining image/mask records stay resident,104,36920,37024,PV actor stage; slot 8 backdrop remainder,exact
scene-ending-reunion,scene,Level 14 reunion animation,mt32,pv-800,cutscene,PV.DAT,table 800; image resources 801-817,76,8108,8184,current PV scene; slot 3,exact
scene-ending-reunion,scene,Level 14 reunion animation,mt32,pv-900,cutscene,PV.DAT,table 900; image resources 901-930,128,13828,13956,late PV scene or reunion; slot 4,exact
scene-ending-reunion,scene,Level 14 reunion animation,mt32,surface-gameplay,surface,,runtime-created surface; not stored in a DAT,436,15362,15798,current gameplay or full-screen display state,exact
scene-ending-reunion,scene,Level 14 reunion animation,mt32,sound-mt32,sound,MT32SND1.DAT | MT32SND2.DAT | MIDISND1.DAT | MIDISND2.DAT | IBM_SND1.DAT,"MT32SND1 resources 10000-10023, MIDISND1/IBM core fallbacks, then MT32SND2/MIDISND2 optional resources",0,10690,10690,"core sounds persist; title, ending, and event sounds follow state boundaries",exact resource-selected totals; see the Sound Blaster detection caveat
scene-time-expired,scene,Time-expired princess scene,pc,sword,permanent,PRINCE.DAT,table 700; image resources 701-734,144,2680,2824,startup anchor; slot 0 remains resident,exact
scene-time-expired,scene,Time-expired princess scene,pc,flame-sword-potion,permanent,PRINCE.DAT,table 150; image resources 151-173,192,4416,4608,startup anchor; slot 1 remains resident,exact
scene-time-expired,scene,Time-expired princess scene,pc,pv-950-backdrop-retained,cutscene,PV.DAT,table 950 after freeing the resource 951 image copy; its mask and the remaining image/mask records stay resident,104,36920,37024,PV actor stage; slot 8 backdrop remainder,exact
scene-time-expired,scene,Time-expired princess scene,pc,pv-800,cutscene,PV.DAT,table 800; image resources 801-817,76,8108,8184,current PV scene; slot 3,exact
scene-time-expired,scene,Time-expired princess scene,pc,pv-900,cutscene,PV.DAT,table 900; image resources 901-930,128,13828,13956,late PV scene or reunion; slot 4,exact
scene-time-expired,scene,Time-expired princess scene,pc,surface-full-screen,surface,,runtime-created surface; not stored in a DAT,452,16002,16454,current gameplay or full-screen display state,exact
scene-time-expired,scene,Time-expired princess scene,pc,sound-pc,sound,IBM_SND1.DAT | IBM_SND2.DAT,IBM_SND1 resources 10000-10043; selected logical sounds 44-56 use IBM_SND2,0,3388,3388,"core sounds persist; title, ending, and event sounds follow state boundaries",exact resource-selected totals; see the Sound Blaster detection caveat
scene-time-expired,scene,Time-expired princess scene,sb,sword,permanent,PRINCE.DAT,table 700; image resources 701-734,144,2680,2824,startup anchor; slot 0 remains resident,exact
scene-time-expired,scene,Time-expired princess scene,sb,flame-sword-potion,permanent,PRINCE.DAT,table 150; image resources 151-173,192,4416,4608,startup anchor; slot 1 remains resident,exact
scene-time-expired,scene,Time-expired princess scene,sb,pv-950-backdrop-retained,cutscene,PV.DAT,table 950 after freeing the resource 951 image copy; its mask and the remaining image/mask records stay resident,104,36920,37024,PV actor stage; slot 8 backdrop remainder,exact
scene-time-expired,scene,Time-expired princess scene,sb,pv-800,cutscene,PV.DAT,table 800; image resources 801-817,76,8108,8184,current PV scene; slot 3,exact
scene-time-expired,scene,Time-expired princess scene,sb,pv-900,cutscene,PV.DAT,table 900; image resources 901-930,128,13828,13956,late PV scene or reunion; slot 4,exact
scene-time-expired,scene,Time-expired princess scene,sb,surface-full-screen,surface,,runtime-created surface; not stored in a DAT,452,16002,16454,current gameplay or full-screen display state,exact
scene-time-expired,scene,Time-expired princess scene,sb,sound-sb,sound,DIGISND3.DAT | DIGISND1.DAT | DIGISND2.DAT | MIDISND1.DAT | IBM_SND1.DAT,DIGISND3/1 digitized core plus PRINCE resource 1 OPL bank; DIGISND2/MIDISND2 optional resources and MIDI/IBM fallbacks,0,89148,89148,"core sounds persist; title, ending, and event sounds follow state boundaries",exact resource-selected totals; see the Sound Blaster detection caveat
scene-time-expired,scene,Time-expired princess scene,mt32,sword,permanent,PRINCE.DAT,table 700; image resources 701-734,144,2680,2824,startup anchor; slot 0 remains resident,exact
scene-time-expired,scene,Time-expired princess scene,mt32,flame-sword-potion,permanent,PRINCE.DAT,table 150; image resources 151-173,192,4416,4608,startup anchor; slot 1 remains resident,exact
scene-time-expired,scene,Time-expired princess scene,mt32,pv-950-backdrop-retained,cutscene,PV.DAT,table 950 after freeing the resource 951 image copy; its mask and the remaining image/mask records stay resident,104,36920,37024,PV actor stage; slot 8 backdrop remainder,exact
scene-time-expired,scene,Time-expired princess scene,mt32,pv-800,cutscene,PV.DAT,table 800; image resources 801-817,76,8108,8184,current PV scene; slot 3,exact
scene-time-expired,scene,Time-expired princess scene,mt32,pv-900,cutscene,PV.DAT,table 900; image resources 901-930,128,13828,13956,late PV scene or reunion; slot 4,exact
scene-time-expired,scene,Time-expired princess scene,mt32,surface-full-screen,surface,,runtime-created surface; not stored in a DAT,452,16002,16454,current gameplay or full-screen display state,exact
scene-time-expired,scene,Time-expired princess scene,mt32,sound-mt32,sound,MT32SND1.DAT | MT32SND2.DAT | MIDISND1.DAT | MIDISND2.DAT | IBM_SND1.DAT,"MT32SND1 resources 10000-10023, MIDISND1/IBM core fallbacks, then MT32SND2/MIDISND2 optional resources",0,10690,10690,"core sounds persist; title, ending, and event sounds follow state boundaries",exact resource-selected totals; see the Sound Blaster detection caveat
scene-ending-title,scene,Ending title/high score,pc,sword,permanent,PRINCE.DAT,table 700; image resources 701-734,144,2680,2824,startup anchor; slot 0 remains resident,exact
scene-ending-title,scene,Ending title/high score,pc,flame-sword-potion,permanent,PRINCE.DAT,table 150; image resources 151-173,192,4416,4608,startup anchor; slot 1 remains resident,exact
scene-ending-title,scene,Ending title/high score,pc,title-40,title,TITLE.DAT,table 40; image resources 41-45,28,11796,11824,title/story or ending display,exact
scene-ending-title,scene,Ending title/high score,pc,title-50,title,TITLE.DAT,table 50; image resources 51-55,28,24714,24742,title/story or ending display,exact
scene-ending-title,scene,Ending title/high score,pc,surface-full-screen,surface,,runtime-created surface; not stored in a DAT,452,16002,16454,current gameplay or full-screen display state,exact
scene-ending-title,scene,Ending title/high score,pc,sound-pc,sound,IBM_SND1.DAT | IBM_SND2.DAT,IBM_SND1 resources 10000-10043; selected logical sounds 44-56 use IBM_SND2,0,5238,5238,"core sounds persist; title, ending, and event sounds follow state boundaries",exact resource-selected totals; see the Sound Blaster detection caveat
scene-ending-title,scene,Ending title/high score,sb,sword,permanent,PRINCE.DAT,table 700; image resources 701-734,144,2680,2824,startup anchor; slot 0 remains resident,exact
scene-ending-title,scene,Ending title/high score,sb,flame-sword-potion,permanent,PRINCE.DAT,table 150; image resources 151-173,192,4416,4608,startup anchor; slot 1 remains resident,exact
scene-ending-title,scene,Ending title/high score,sb,title-40,title,TITLE.DAT,table 40; image resources 41-45,28,11796,11824,title/story or ending display,exact
scene-ending-title,scene,Ending title/high score,sb,title-50,title,TITLE.DAT,table 50; image resources 51-55,28,24714,24742,title/story or ending display,exact
scene-ending-title,scene,Ending title/high score,sb,surface-full-screen,surface,,runtime-created surface; not stored in a DAT,452,16002,16454,current gameplay or full-screen display state,exact
scene-ending-title,scene,Ending title/high score,sb,sound-sb,sound,DIGISND3.DAT | DIGISND1.DAT | DIGISND2.DAT | MIDISND1.DAT | IBM_SND1.DAT,DIGISND3/1 digitized core plus PRINCE resource 1 OPL bank; DIGISND2/MIDISND2 optional resources and MIDI/IBM fallbacks,0,102738,102738,"core sounds persist; title, ending, and event sounds follow state boundaries",exact resource-selected totals; see the Sound Blaster detection caveat
scene-ending-title,scene,Ending title/high score,mt32,sword,permanent,PRINCE.DAT,table 700; image resources 701-734,144,2680,2824,startup anchor; slot 0 remains resident,exact
scene-ending-title,scene,Ending title/high score,mt32,flame-sword-potion,permanent,PRINCE.DAT,table 150; image resources 151-173,192,4416,4608,startup anchor; slot 1 remains resident,exact
scene-ending-title,scene,Ending title/high score,mt32,title-40,title,TITLE.DAT,table 40; image resources 41-45,28,11796,11824,title/story or ending display,exact
scene-ending-title,scene,Ending title/high score,mt32,title-50,title,TITLE.DAT,table 50; image resources 51-55,28,24714,24742,title/story or ending display,exact
scene-ending-title,scene,Ending title/high score,mt32,surface-full-screen,surface,,runtime-created surface; not stored in a DAT,452,16002,16454,current gameplay or full-screen display state,exact
scene-ending-title,scene,Ending title/high score,mt32,sound-mt32,sound,MT32SND1.DAT | MT32SND2.DAT | MIDISND1.DAT | MIDISND2.DAT | IBM_SND1.DAT,"MT32SND1 resources 10000-10023, MIDISND1/IBM core fallbacks, then MT32SND2/MIDISND2 optional resources",0,24280,24280,"core sounds persist; title, ending, and event sounds follow state boundaries",exact resource-selected totals; see the Sound Blaster detection caveat
